Temperature	Well	Fluorescence
25.0	A1	4575.14
25.5	A1	4564.01
26.0	A1	4552.87
26.5	A1	4541.73
27.0	A1	4530.59
27.5	A1	4519.46
28.0	A1	4508.32
28.5	A1	4498.15
29.0	A1	4489.33
29.5	A1	4481.09
30.0	A1	4474.08
30.5	A1	4469.06
31.0	A1	4465.81
31.5	A1	4463.95
32.0	A1	4464.24
32.5	A1	4466.12
33.0	A1	4469.63
33.5	A1	4475.05
34.0	A1	4482.7
34.5	A1	4492.65
35.0	A1	4505.08
35.5	A1	4519.87
36.0	A1	4536.57
36.5	A1	4554.78
37.0	A1	4573.93
37.5	A1	4593.55
38.0	A1	4614.49
38.5	A1	4636.92
39.0	A1	4660.32
39.5	A1	4686.07
40.0	A1	4715.65
40.5	A1	4747.45
41.0	A1	4782.19
41.5	A1	4820.63
42.0	A1	4862.09
42.5	A1	4904.38
43.0	A1	4949.63
43.5	A1	4996.26
44.0	A1	5044.95
44.5	A1	5094.17
45.0	A1	5147.25
45.5	A1	5200.06
46.0	A1	5254.31
46.5	A1	5310.08
47.0	A1	5367.21
47.5	A1	5422.94
48.0	A1	5480.87
48.5	A1	5538.99
49.0	A1	5594.42
49.5	A1	5646.43
50.0	A1	5693.24
50.5	A1	5732.4
51.0	A1	5763.38
51.5	A1	5787.29
52.0	A1	5806.14
52.5	A1	5821.35
53.0	A1	5834.88
53.5	A1	5847.36
54.0	A1	5859.49
54.5	A1	5871.26
55.0	A1	5884.46
55.5	A1	5897.18
56.0	A1	5913.72
56.5	A1	5936.54
57.0	A1	5968.07
57.5	A1	6011.03
58.0	A1	6071.57
58.5	A1	6149.5
59.0	A1	6245.95
59.5	A1	6361.06
60.0	A1	6492.14
60.5	A1	6632.42
61.0	A1	6775.76
61.5	A1	6912.79
62.0	A1	7033.93
62.5	A1	7130.67
63.0	A1	7199.07
63.5	A1	7237.19
64.0	A1	7247.81
64.5	A1	7236.27
65.0	A1	7208.87
65.5	A1	7171.42
66.0	A1	7128.67
66.5	A1	7083.55
67.0	A1	7037.03
67.5	A1	6990.79
68.0	A1	6944.55
68.5	A1	6898.08
69.0	A1	6851.84
69.5	A1	6806.11
70.0	A1	6759.99
70.5	A1	6713.56
71.0	A1	6667.24
71.5	A1	6620.76
72.0	A1	6573.96
72.5	A1	6527.46
73.0	A1	6481.62
73.5	A1	6435.91
74.0	A1	6390.97
74.5	A1	6347.19
75.0	A1	6303.78
75.5	A1	6261.15
76.0	A1	6219.77
76.5	A1	6178.13
77.0	A1	6136.77
77.5	A1	6096.61
78.0	A1	6056.79
78.5	A1	6017.53
79.0	A1	5980.18
79.5	A1	5943.46
80.0	A1	5907.32
80.5	A1	5872.33
81.0	A1	5838.15
81.5	A1	5803.81
82.0	A1	5770.05
82.5	A1	5736.16
83.0	A1	5701.49
83.5	A1	5665.53
84.0	A1	5629.25
84.5	A1	5592.38
85.0	A1	5555.57
85.5	A1	5519.54
86.0	A1	5485.56
86.5	A1	5452.56
87.0	A1	5420.83
87.5	A1	5389.75
88.0	A1	5359.07
88.5	A1	5328.06
89.0	A1	5297.35
89.5	A1	5266.23
90.0	A1	5235.4
90.5	A1	5204.59
91.0	A1	5173.43
91.5	A1	5141.63
92.0	A1	5110.05
92.5	A1	5078.33
93.0	A1	5046.37
93.5	A1	5014.48
94.0	A1	4983.19
94.5	A1	4951.61
95.0	A1	4920.84
25.0	A2	4704.65
25.5	A2	4693.59
26.0	A2	4682.54
26.5	A2	4671.48
27.0	A2	4660.43
27.5	A2	4649.37
28.0	A2	4638.32
28.5	A2	4627.9
29.0	A2	4618.38
29.5	A2	4609.51
30.0	A2	4601.27
30.5	A2	4594.82
31.0	A2	4590.57
31.5	A2	4587.67
32.0	A2	4586.47
32.5	A2	4587.13
33.0	A2	4588.76
33.5	A2	4591.93
34.0	A2	4597.06
34.5	A2	4604.25
35.0	A2	4613.32
35.5	A2	4624.1
36.0	A2	4635.08
36.5	A2	4646.05
37.0	A2	4656.1
37.5	A2	4664.36
38.0	A2	4671.73
38.5	A2	4679.1
39.0	A2	4685.37
39.5	A2	4692.25
40.0	A2	4701.36
40.5	A2	4711.11
41.0	A2	4721.21
41.5	A2	4733.01
42.0	A2	4745.35
42.5	A2	4756.98
43.0	A2	4769.68
43.5	A2	4782.18
44.0	A2	4795.3
44.5	A2	4808.01
45.0	A2	4822.12
45.5	A2	4834.67
46.0	A2	4848.34
46.5	A2	4862.93
47.0	A2	4878.53
47.5	A2	4894.09
48.0	A2	4912.5
48.5	A2	4932.2
49.0	A2	4951.1
49.5	A2	4969.16
50.0	A2	4984.46
50.5	A2	4995.92
51.0	A2	5002.81
51.5	A2	5006.58
52.0	A2	5009.04
52.5	A2	5011.73
53.0	A2	5016.24
53.5	A2	5022.97
54.0	A2	5031.88
54.5	A2	5042.52
55.0	A2	5056.13
55.5	A2	5070.35
56.0	A2	5088.42
56.5	A2	5111.97
57.0	A2	5142.78
57.5	A2	5182.36
58.0	A2	5234.7
58.5	A2	5300.01
59.0	A2	5379.06
59.5	A2	5472.68
60.0	A2	5579.48
60.5	A2	5697.81
61.0	A2	5824.74
61.5	A2	5956.83
62.0	A2	6088.72
62.5	A2	6216.64
63.0	A2	6335.68
63.5	A2	6442.82
64.0	A2	6537.09
64.5	A2	6618.73
65.0	A2	6687.54
65.5	A2	6745.68
66.0	A2	6792.81
66.5	A2	6828.28
67.0	A2	6851.47
67.5	A2	6863.31
68.0	A2	6863.03
68.5	A2	6853.15
69.0	A2	6834.83
69.5	A2	6810.56
70.0	A2	6781.53
70.5	A2	6749.79
71.0	A2	6716.86
71.5	A2	6683.53
72.0	A2	6649.47
72.5	A2	6615.17
73.0	A2	6580.77
73.5	A2	6544.55
74.0	A2	6507.68
74.5	A2	6470.43
75.0	A2	6432.78
75.5	A2	6394.28
76.0	A2	6355.99
76.5	A2	6316.86
77.0	A2	6277.4
77.5	A2	6237.36
78.0	A2	6197.2
78.5	A2	6157.19
79.0	A2	6117.38
79.5	A2	6077.49
80.0	A2	6038.49
80.5	A2	5999.89
81.0	A2	5961.12
81.5	A2	5922.8
82.0	A2	5884.58
82.5	A2	5845.72
83.0	A2	5806.89
83.5	A2	5767.49
84.0	A2	5727.77
84.5	A2	5688.5
85.0	A2	5649.78
85.5	A2	5611.06
86.0	A2	5574.23
86.5	A2	5538.11
87.0	A2	5502.32
87.5	A2	5465.86
88.0	A2	5429.45
88.5	A2	5392.25
89.0	A2	5355.17
89.5	A2	5318.17
90.0	A2	5283.41
90.5	A2	5250.38
91.0	A2	5218.47
91.5	A2	5187.53
92.0	A2	5157.28
92.5	A2	5126.46
93.0	A2	5094.83
93.5	A2	5062.66
94.0	A2	5029.79
94.5	A2	4996.59
95.0	A2	4962.76
25.0	A3	3550.24
25.5	A3	3545.67
26.0	A3	3541.11
26.5	A3	3536.55
27.0	A3	3531.98
27.5	A3	3527.42
28.0	A3	3522.86
28.5	A3	3518.56
29.0	A3	3514.18
29.5	A3	3509.97
30.0	A3	3505.61
30.5	A3	3501.53
31.0	A3	3498.12
31.5	A3	3495.88
32.0	A3	3494.57
32.5	A3	3494.63
33.0	A3	3495.99
33.5	A3	3498.61
34.0	A3	3502.29
34.5	A3	3507.49
35.0	A3	3513.96
35.5	A3	3521.81
36.0	A3	3531.01
36.5	A3	3541.32
37.0	A3	3552.79
37.5	A3	3565.3
38.0	A3	3578.82
38.5	A3	3593.29
39.0	A3	3608.94
39.5	A3	3625.86
40.0	A3	3644.55
40.5	A3	3664.87
41.0	A3	3686.99
41.5	A3	3711.0
42.0	A3	3736.38
42.5	A3	3763.0
43.0	A3	3791.06
43.5	A3	3820.18
44.0	A3	3850.52
44.5	A3	3882.0
45.0	A3	3914.72
45.5	A3	3947.58
46.0	A3	3980.84
46.5	A3	4014.1
47.0	A3	4046.91
47.5	A3	4078.65
48.0	A3	4109.9
48.5	A3	4140.1
49.0	A3	4168.37
49.5	A3	4194.52
50.0	A3	4217.59
50.5	A3	4237.4
51.0	A3	4253.42
51.5	A3	4266.1
52.0	A3	4275.9
52.5	A3	4283.81
53.0	A3	4289.81
53.5	A3	4294.8
54.0	A3	4299.03
54.5	A3	4302.68
55.0	A3	4306.08
55.5	A3	4308.96
56.0	A3	4312.04
56.5	A3	4315.12
57.0	A3	4318.93
57.5	A3	4324.06
58.0	A3	4331.74
58.5	A3	4341.61
59.0	A3	4354.45
59.5	A3	4368.87
60.0	A3	4382.83
60.5	A3	4393.84
61.0	A3	4399.42
61.5	A3	4397.0
62.0	A3	4385.18
62.5	A3	4363.87
63.0	A3	4333.96
63.5	A3	4297.26
64.0	A3	4255.32
64.5	A3	4210.72
65.0	A3	4165.04
65.5	A3	4119.2
66.0	A3	4073.88
66.5	A3	4030.06
67.0	A3	3987.43
67.5	A3	3945.76
68.0	A3	3905.4
68.5	A3	3866.09
69.0	A3	3827.58
69.5	A3	3789.93
70.0	A3	3753.6
70.5	A3	3718.9
71.0	A3	3686.15
71.5	A3	3655.53
72.0	A3	3627.57
72.5	A3	3602.09
73.0	A3	3578.28
73.5	A3	3555.99
74.0	A3	3534.98
74.5	A3	3514.47
75.0	A3	3494.54
75.5	A3	3475.72
76.0	A3	3457.92
76.5	A3	3440.77
77.0	A3	3424.42
77.5	A3	3408.66
78.0	A3	3393.12
78.5	A3	3377.82
79.0	A3	3363.39
79.5	A3	3349.57
80.0	A3	3336.31
80.5	A3	3323.69
81.0	A3	3311.79
81.5	A3	3300.12
82.0	A3	3289.17
82.5	A3	3278.62
83.0	A3	3268.74
83.5	A3	3258.88
84.0	A3	3249.31
84.5	A3	3239.52
85.0	A3	3229.97
85.5	A3	3220.06
86.0	A3	3210.69
86.5	A3	3201.52
87.0	A3	3192.83
87.5	A3	3183.98
88.0	A3	3175.19
88.5	A3	3165.79
89.0	A3	3155.95
89.5	A3	3145.53
90.0	A3	3135.53
90.5	A3	3125.97
91.0	A3	3116.99
91.5	A3	3108.48
92.0	A3	3100.69
92.5	A3	3092.6
93.0	A3	3084.03
93.5	A3	3075.3
94.0	A3	3066.01
94.5	A3	3056.28
95.0	A3	3045.95
25.0	A4	3364.53
25.5	A4	3365.59
26.0	A4	3366.64
26.5	A4	3367.7
27.0	A4	3368.76
27.5	A4	3369.81
28.0	A4	3370.87
28.5	A4	3371.79
29.0	A4	3371.95
29.5	A4	3371.04
30.0	A4	3369.03
30.5	A4	3366.36
31.0	A4	3364.23
31.5	A4	3363.73
32.0	A4	3365.28
32.5	A4	3369.19
33.0	A4	3375.49
33.5	A4	3383.5
34.0	A4	3392.83
34.5	A4	3403.91
35.0	A4	3416.2
35.5	A4	3429.86
36.0	A4	3445.31
36.5	A4	3462.41
37.0	A4	3480.87
37.5	A4	3500.9
38.0	A4	3522.54
38.5	A4	3545.41
39.0	A4	3570.03
39.5	A4	3596.4
40.0	A4	3625.01
40.5	A4	3656.03
41.0	A4	3689.9
41.5	A4	3726.37
42.0	A4	3765.45
42.5	A4	3806.91
43.0	A4	3851.3
43.5	A4	3898.63
44.0	A4	3949.29
44.5	A4	4003.54
45.0	A4	4062.15
45.5	A4	4124.75
46.0	A4	4191.51
46.5	A4	4263.12
47.0	A4	4339.37
47.5	A4	4419.74
48.0	A4	4503.77
48.5	A4	4590.77
49.0	A4	4678.87
49.5	A4	4767.24
50.0	A4	4853.78
50.5	A4	4937.24
51.0	A4	5016.64
51.5	A4	5091.28
52.0	A4	5160.47
52.5	A4	5224.7
53.0	A4	5283.72
53.5	A4	5336.78
54.0	A4	5383.19
54.5	A4	5422.73
55.0	A4	5454.51
55.5	A4	5477.58
56.0	A4	5492.45
56.5	A4	5499.44
57.0	A4	5498.44
57.5	A4	5490.22
58.0	A4	5476.6
58.5	A4	5457.81
59.0	A4	5435.33
59.5	A4	5410.24
60.0	A4	5384.08
60.5	A4	5356.98
61.0	A4	5330.36
61.5	A4	5304.3
62.0	A4	5279.25
62.5	A4	5254.45
63.0	A4	5230.6
63.5	A4	5206.97
64.0	A4	5183.71
64.5	A4	5160.65
65.0	A4	5138.55
65.5	A4	5116.77
66.0	A4	5095.8
66.5	A4	5075.71
67.0	A4	5056.12
67.5	A4	5036.52
68.0	A4	5016.94
68.5	A4	4997.16
69.0	A4	4976.3
69.5	A4	4955.05
70.0	A4	4933.15
70.5	A4	4910.71
71.0	A4	4887.52
71.5	A4	4864.45
72.0	A4	4841.32
72.5	A4	4818.57
73.0	A4	4795.93
73.5	A4	4773.92
74.0	A4	4751.99
74.5	A4	4729.96
75.0	A4	4707.92
75.5	A4	4686.24
76.0	A4	4664.92
76.5	A4	4644.23
77.0	A4	4624.14
77.5	A4	4604.63
78.0	A4	4585.67
78.5	A4	4566.69
79.0	A4	4548.15
79.5	A4	4530.01
80.0	A4	4512.04
80.5	A4	4494.27
81.0	A4	4476.98
81.5	A4	4459.57
82.0	A4	4442.42
82.5	A4	4425.52
83.0	A4	4408.82
83.5	A4	4392.07
84.0	A4	4375.54
84.5	A4	4358.95
85.0	A4	4342.23
85.5	A4	4325.57
86.0	A4	4309.45
86.5	A4	4293.27
87.0	A4	4277.28
87.5	A4	4261.68
88.0	A4	4245.83
88.5	A4	4229.22
89.0	A4	4212.69
89.5	A4	4195.62
90.0	A4	4177.72
90.5	A4	4159.6
91.0	A4	4141.37
91.5	A4	4122.27
92.0	A4	4102.66
92.5	A4	4082.71
93.0	A4	4062.12
93.5	A4	4041.03
94.0	A4	4020.24
94.5	A4	3999.2
95.0	A4	3979.28
25.0	A5	3765.89
25.5	A5	3758.4
26.0	A5	3750.9
26.5	A5	3743.41
27.0	A5	3735.91
27.5	A5	3728.42
28.0	A5	3720.92
28.5	A5	3713.92
29.0	A5	3707.33
29.5	A5	3701.05
30.0	A5	3694.63
30.5	A5	3688.2
31.0	A5	3682.2
31.5	A5	3676.87
32.0	A5	3672.36
32.5	A5	3668.84
33.0	A5	3666.37
33.5	A5	3664.75
34.0	A5	3663.78
34.5	A5	3663.56
35.0	A5	3663.67
35.5	A5	3664.18
36.0	A5	3664.61
36.5	A5	3664.9
37.0	A5	3664.71
37.5	A5	3664.2
38.0	A5	3663.46
38.5	A5	3662.88
39.0	A5	3662.37
39.5	A5	3662.44
40.0	A5	3663.45
40.5	A5	3665.13
41.0	A5	3667.43
41.5	A5	3670.48
42.0	A5	3674.23
42.5	A5	3678.29
43.0	A5	3683.4
43.5	A5	3689.58
44.0	A5	3697.18
44.5	A5	3705.72
45.0	A5	3716.27
45.5	A5	3727.79
46.0	A5	3740.61
46.5	A5	3754.98
47.0	A5	3770.89
47.5	A5	3787.84
48.0	A5	3806.92
48.5	A5	3828.16
49.0	A5	3850.77
49.5	A5	3875.39
50.0	A5	3901.48
50.5	A5	3928.39
51.0	A5	3956.13
51.5	A5	3985.49
52.0	A5	4016.12
52.5	A5	4048.77
53.0	A5	4084.46
53.5	A5	4122.57
54.0	A5	4162.7
54.5	A5	4205.16
55.0	A5	4249.43
55.5	A5	4293.85
56.0	A5	4339.05
56.5	A5	4384.62
57.0	A5	4429.64
57.5	A5	4473.6
58.0	A5	4516.62
58.5	A5	4557.8
59.0	A5	4596.2
59.5	A5	4631.97
60.0	A5	4664.91
60.5	A5	4694.61
61.0	A5	4719.72
61.5	A5	4740.04
62.0	A5	4752.62
62.5	A5	4754.7
63.0	A5	4743.49
63.5	A5	4718.31
64.0	A5	4677.93
64.5	A5	4624.72
65.0	A5	4561.84
65.5	A5	4493.3
66.0	A5	4422.01
66.5	A5	4351.12
67.0	A5	4282.39
67.5	A5	4216.61
68.0	A5	4153.89
68.5	A5	4094.13
69.0	A5	4037.31
69.5	A5	3982.92
70.0	A5	3930.75
70.5	A5	3880.76
71.0	A5	3833.26
71.5	A5	3788.24
72.0	A5	3745.84
72.5	A5	3706.45
73.0	A5	3669.92
73.5	A5	3636.19
74.0	A5	3604.89
74.5	A5	3575.99
75.0	A5	3548.67
75.5	A5	3522.68
76.0	A5	3497.79
76.5	A5	3473.93
77.0	A5	3450.6
77.5	A5	3428.13
78.0	A5	3406.84
78.5	A5	3386.47
79.0	A5	3367.02
79.5	A5	3348.77
80.0	A5	3331.81
80.5	A5	3316.03
81.0	A5	3301.68
81.5	A5	3288.71
82.0	A5	3277.13
82.5	A5	3266.74
83.0	A5	3257.36
83.5	A5	3248.51
84.0	A5	3240.38
84.5	A5	3232.68
85.0	A5	3225.57
85.5	A5	3218.87
86.0	A5	3213.01
86.5	A5	3207.62
87.0	A5	3202.83
87.5	A5	3197.83
88.0	A5	3192.79
88.5	A5	3187.45
89.0	A5	3181.92
89.5	A5	3175.87
90.0	A5	3170.18
90.5	A5	3164.58
91.0	A5	3159.01
91.5	A5	3153.4
92.0	A5	3148.23
92.5	A5	3142.87
93.0	A5	3137.22
93.5	A5	3131.57
94.0	A5	3125.09
94.5	A5	3118.43
95.0	A5	3109.92
25.0	A6	3020.31
25.5	A6	3020.43
26.0	A6	3020.56
26.5	A6	3020.68
27.0	A6	3020.81
27.5	A6	3020.93
28.0	A6	3021.06
28.5	A6	3021.07
29.0	A6	3020.4
29.5	A6	3019.2
30.0	A6	3017.63
30.5	A6	3015.73
31.0	A6	3014.12
31.5	A6	3013.64
32.0	A6	3013.97
32.5	A6	3015.81
33.0	A6	3018.95
33.5	A6	3023.01
34.0	A6	3027.97
34.5	A6	3034.13
35.0	A6	3040.87
35.5	A6	3048.63
36.0	A6	3057.69
36.5	A6	3067.67
37.0	A6	3078.49
37.5	A6	3090.36
38.0	A6	3103.15
38.5	A6	3116.53
39.0	A6	3130.87
39.5	A6	3146.18
40.0	A6	3162.73
40.5	A6	3180.17
41.0	A6	3199.19
41.5	A6	3219.41
42.0	A6	3241.02
42.5	A6	3263.89
43.0	A6	3288.65
43.5	A6	3314.95
44.0	A6	3343.14
44.5	A6	3373.1
45.0	A6	3405.12
45.5	A6	3438.8
46.0	A6	3474.46
46.5	A6	3512.57
47.0	A6	3553.27
47.5	A6	3595.95
48.0	A6	3640.92
48.5	A6	3687.28
49.0	A6	3733.94
49.5	A6	3779.91
50.0	A6	3824.68
50.5	A6	3866.92
51.0	A6	3906.09
51.5	A6	3941.94
52.0	A6	3974.5
52.5	A6	4003.47
53.0	A6	4028.98
53.5	A6	4051.17
54.0	A6	4069.33
54.5	A6	4083.25
55.0	A6	4093.08
55.5	A6	4098.44
56.0	A6	4099.43
56.5	A6	4096.6
57.0	A6	4090.22
57.5	A6	4079.37
58.0	A6	4064.25
58.5	A6	4044.05
59.0	A6	4018.65
59.5	A6	3987.37
60.0	A6	3951.5
60.5	A6	3911.5
61.0	A6	3868.42
61.5	A6	3822.94
62.0	A6	3775.47
62.5	A6	3726.36
63.0	A6	3675.64
63.5	A6	3623.56
64.0	A6	3570.56
64.5	A6	3517.73
65.0	A6	3465.15
65.5	A6	3414.02
66.0	A6	3364.5
66.5	A6	3316.93
67.0	A6	3271.62
67.5	A6	3228.95
68.0	A6	3188.51
68.5	A6	3150.87
69.0	A6	3115.59
69.5	A6	3082.48
70.0	A6	3051.29
70.5	A6	3022.21
71.0	A6	2995.02
71.5	A6	2969.95
72.0	A6	2947.03
72.5	A6	2926.51
73.0	A6	2908.05
73.5	A6	2891.05
74.0	A6	2875.3
74.5	A6	2860.2
75.0	A6	2845.58
75.5	A6	2831.39
76.0	A6	2818.02
76.5	A6	2805.59
77.0	A6	2794.49
77.5	A6	2784.05
78.0	A6	2774.28
78.5	A6	2765.1
79.0	A6	2756.22
79.5	A6	2747.43
80.0	A6	2739.43
80.5	A6	2732.13
81.0	A6	2725.22
81.5	A6	2718.84
82.0	A6	2712.99
82.5	A6	2707.36
83.0	A6	2701.98
83.5	A6	2697.14
84.0	A6	2692.72
84.5	A6	2688.69
85.0	A6	2685.04
85.5	A6	2681.5
86.0	A6	2677.89
86.5	A6	2674.14
87.0	A6	2670.4
87.5	A6	2666.09
88.0	A6	2661.94
88.5	A6	2657.87
89.0	A6	2653.85
89.5	A6	2649.58
90.0	A6	2645.85
90.5	A6	2641.63
91.0	A6	2637.26
91.5	A6	2632.93
92.0	A6	2628.55
92.5	A6	2623.87
93.0	A6	2619.51
93.5	A6	2615.03
94.0	A6	2610.28
94.5	A6	2605.69
95.0	A6	2600.56
25.0	B1	4441.9
25.5	B1	4431.84
26.0	B1	4421.78
26.5	B1	4411.71
27.0	B1	4401.65
27.5	B1	4391.59
28.0	B1	4381.53
28.5	B1	4373.31
29.0	B1	4366.39
29.5	B1	4360.75
30.0	B1	4355.8
30.5	B1	4352.79
31.0	B1	4351.86
31.5	B1	4353.27
32.0	B1	4355.89
32.5	B1	4360.59
33.0	B1	4366.94
33.5	B1	4374.72
34.0	B1	4384.07
34.5	B1	4396.94
35.0	B1	4412.53
35.5	B1	4430.53
36.0	B1	4450.8
36.5	B1	4473.14
37.0	B1	4496.17
37.5	B1	4519.78
38.0	B1	4544.83
38.5	B1	4572.06
39.0	B1	4600.68
39.5	B1	4631.79
40.0	B1	4666.38
40.5	B1	4703.69
41.0	B1	4743.54
41.5	B1	4786.38
42.0	B1	4832.16
42.5	B1	4879.61
43.0	B1	4929.18
43.5	B1	4979.48
44.0	B1	5031.73
44.5	B1	5084.17
45.0	B1	5138.72
45.5	B1	5193.63
46.0	B1	5250.16
46.5	B1	5308.32
47.0	B1	5367.96
47.5	B1	5427.18
48.0	B1	5487.15
48.5	B1	5547.38
49.0	B1	5603.8
49.5	B1	5656.49
50.0	B1	5703.38
50.5	B1	5743.01
51.0	B1	5773.44
51.5	B1	5796.94
52.0	B1	5813.89
52.5	B1	5825.97
53.0	B1	5834.46
53.5	B1	5841.04
54.0	B1	5846.29
54.5	B1	5851.16
55.0	B1	5857.51
55.5	B1	5865.53
56.0	B1	5877.24
56.5	B1	5895.36
57.0	B1	5922.33
57.5	B1	5960.34
58.0	B1	6013.85
58.5	B1	6085.4
59.0	B1	6174.87
59.5	B1	6282.4
60.0	B1	6405.49
60.5	B1	6538.81
61.0	B1	6674.86
61.5	B1	6805.85
62.0	B1	6921.4
62.5	B1	7014.52
63.0	B1	7079.94
63.5	B1	7115.74
64.0	B1	7125.01
64.5	B1	7113.69
65.0	B1	7086.3
65.5	B1	7048.64
66.0	B1	7005.78
66.5	B1	6959.34
67.0	B1	6911.14
67.5	B1	6863.41
68.0	B1	6815.48
68.5	B1	6767.02
69.0	B1	6718.92
69.5	B1	6671.02
70.0	B1	6622.67
70.5	B1	6574.99
71.0	B1	6528.68
71.5	B1	6482.32
72.0	B1	6436.28
72.5	B1	6390.36
73.0	B1	6344.6
73.5	B1	6298.87
74.0	B1	6255.08
74.5	B1	6212.12
75.0	B1	6170.2
75.5	B1	6129.39
76.0	B1	6089.33
76.5	B1	6049.07
77.0	B1	6008.83
77.5	B1	5968.95
78.0	B1	5929.52
78.5	B1	5890.43
79.0	B1	5851.98
79.5	B1	5814.52
80.0	B1	5777.96
80.5	B1	5741.57
81.0	B1	5706.03
81.5	B1	5670.79
82.0	B1	5636.06
82.5	B1	5601.16
83.0	B1	5566.12
83.5	B1	5530.69
84.0	B1	5495.0
84.5	B1	5459.51
85.0	B1	5424.52
85.5	B1	5390.68
86.0	B1	5358.37
86.5	B1	5328.52
87.0	B1	5299.98
87.5	B1	5273.15
88.0	B1	5247.51
88.5	B1	5222.16
89.0	B1	5195.56
89.5	B1	5167.91
90.0	B1	5139.35
90.5	B1	5110.09
91.0	B1	5080.33
91.5	B1	5050.18
92.0	B1	5019.77
92.5	B1	4988.94
93.0	B1	4957.62
93.5	B1	4926.1
94.0	B1	4895.98
94.5	B1	4865.83
95.0	B1	4838.86
25.0	B2	4642.66
25.5	B2	4633.61
26.0	B2	4624.55
26.5	B2	4615.5
27.0	B2	4606.44
27.5	B2	4597.39
28.0	B2	4588.34
28.5	B2	4579.86
29.0	B2	4571.37
29.5	B2	4561.76
30.0	B2	4550.47
30.5	B2	4539.44
31.0	B2	4528.51
31.5	B2	4519.6
32.0	B2	4513.19
32.5	B2	4509.81
33.0	B2	4507.88
33.5	B2	4507.96
34.0	B2	4508.35
34.5	B2	4509.94
35.0	B2	4511.87
35.5	B2	4514.94
36.0	B2	4519.54
36.5	B2	4525.4
37.0	B2	4530.96
37.5	B2	4536.87
38.0	B2	4543.58
38.5	B2	4550.39
39.0	B2	4557.76
39.5	B2	4566.8
40.0	B2	4578.09
40.5	B2	4590.34
41.0	B2	4604.08
41.5	B2	4619.56
42.0	B2	4636.11
42.5	B2	4651.97
43.0	B2	4668.38
43.5	B2	4684.05
44.0	B2	4698.72
44.5	B2	4712.09
45.0	B2	4726.77
45.5	B2	4740.21
46.0	B2	4753.35
46.5	B2	4767.2
47.0	B2	4780.96
47.5	B2	4792.55
48.0	B2	4804.94
48.5	B2	4817.74
49.0	B2	4828.93
49.5	B2	4839.42
50.0	B2	4848.61
50.5	B2	4854.84
51.0	B2	4858.61
51.5	B2	4860.71
52.0	B2	4862.66
52.5	B2	4865.31
53.0	B2	4870.84
53.5	B2	4878.42
54.0	B2	4889.35
54.5	B2	4902.57
55.0	B2	4919.67
55.5	B2	4938.57
56.0	B2	4962.93
56.5	B2	4993.38
57.0	B2	5031.08
57.5	B2	5077.97
58.0	B2	5136.19
58.5	B2	5204.67
59.0	B2	5284.37
59.5	B2	5376.44
60.0	B2	5478.97
60.5	B2	5590.42
61.0	B2	5708.92
61.5	B2	5830.57
62.0	B2	5950.83
62.5	B2	6066.95
63.0	B2	6177.61
63.5	B2	6279.76
64.0	B2	6373.09
64.5	B2	6459.29
65.0	B2	6535.75
65.5	B2	6601.38
66.0	B2	6656.75
66.5	B2	6700.76
67.0	B2	6729.92
67.5	B2	6747.23
68.0	B2	6753.38
68.5	B2	6749.43
69.0	B2	6737.32
69.5	B2	6720.54
70.0	B2	6699.07
70.5	B2	6674.31
71.0	B2	6647.83
71.5	B2	6619.34
72.0	B2	6588.72
72.5	B2	6556.25
73.0	B2	6521.74
73.5	B2	6484.25
74.0	B2	6444.84
74.5	B2	6404.54
75.0	B2	6364.56
75.5	B2	6324.6
76.0	B2	6284.66
76.5	B2	6245.05
77.0	B2	6204.78
77.5	B2	6163.38
78.0	B2	6121.32
78.5	B2	6080.14
79.0	B2	6039.85
79.5	B2	6000.56
80.0	B2	5962.52
80.5	B2	5925.31
81.0	B2	5888.12
81.5	B2	5850.34
82.0	B2	5812.24
82.5	B2	5773.05
83.0	B2	5733.99
83.5	B2	5694.4
84.0	B2	5654.25
84.5	B2	5614.22
85.0	B2	5575.04
85.5	B2	5535.61
86.0	B2	5497.28
86.5	B2	5460.29
87.0	B2	5423.57
87.5	B2	5386.24
88.0	B2	5349.43
88.5	B2	5312.34
89.0	B2	5275.29
89.5	B2	5239.11
90.0	B2	5205.81
90.5	B2	5173.88
91.0	B2	5142.69
91.5	B2	5112.28
92.0	B2	5082.32
92.5	B2	5050.83
93.0	B2	5019.16
93.5	B2	4988.56
94.0	B2	4958.39
94.5	B2	4928.32
95.0	B2	4899.79
25.0	B3	3625.03
25.5	B3	3623.46
26.0	B3	3621.89
26.5	B3	3620.33
27.0	B3	3618.76
27.5	B3	3617.19
28.0	B3	3615.62
28.5	B3	3613.61
29.0	B3	3610.97
29.5	B3	3606.73
30.0	B3	3601.98
30.5	B3	3597.11
31.0	B3	3593.35
31.5	B3	3591.46
32.0	B3	3592.29
32.5	B3	3594.75
33.0	B3	3598.93
33.5	B3	3604.51
34.0	B3	3611.12
34.5	B3	3618.44
35.0	B3	3627.2
35.5	B3	3637.51
36.0	B3	3648.66
36.5	B3	3660.7
37.0	B3	3673.79
37.5	B3	3687.72
38.0	B3	3702.01
38.5	B3	3717.1
39.0	B3	3732.77
39.5	B3	3748.9
40.0	B3	3765.8
40.5	B3	3783.46
41.0	B3	3802.1
41.5	B3	3822.27
42.0	B3	3843.94
42.5	B3	3866.76
43.0	B3	3891.3
43.5	B3	3916.96
44.0	B3	3943.05
44.5	B3	3969.48
45.0	B3	3996.77
45.5	B3	4023.82
46.0	B3	4051.28
46.5	B3	4079.49
47.0	B3	4107.77
47.5	B3	4135.48
48.0	B3	4162.86
48.5	B3	4189.22
49.0	B3	4214.26
49.5	B3	4238.53
50.0	B3	4260.8
50.5	B3	4281.2
51.0	B3	4299.4
51.5	B3	4315.0
52.0	B3	4327.55
52.5	B3	4338.24
53.0	B3	4347.32
53.5	B3	4355.13
54.0	B3	4362.19
54.5	B3	4369.17
55.0	B3	4376.29
55.5	B3	4382.88
56.0	B3	4389.25
56.5	B3	4396.07
57.0	B3	4403.3
57.5	B3	4411.1
58.0	B3	4420.75
58.5	B3	4432.35
59.0	B3	4444.7
59.5	B3	4456.89
60.0	B3	4467.13
60.5	B3	4473.13
61.0	B3	4472.94
61.5	B3	4465.2
62.0	B3	4448.92
62.5	B3	4424.67
63.0	B3	4392.96
63.5	B3	4354.96
64.0	B3	4312.34
64.5	B3	4267.08
65.0	B3	4220.15
65.5	B3	4173.18
66.0	B3	4127.3
66.5	B3	4083.17
67.0	B3	4040.34
67.5	B3	3999.46
68.0	B3	3960.17
68.5	B3	3921.57
69.0	B3	3883.69
69.5	B3	3847.42
70.0	B3	3811.77
70.5	B3	3776.89
71.0	B3	3743.94
71.5	B3	3713.04
72.0	B3	3683.89
72.5	B3	3657.61
73.0	B3	3633.92
73.5	B3	3612.08
74.0	B3	3591.32
74.5	B3	3571.5
75.0	B3	3551.74
75.5	B3	3532.17
76.0	B3	3512.81
76.5	B3	3494.27
77.0	B3	3476.31
77.5	B3	3459.37
78.0	B3	3443.21
78.5	B3	3427.96
79.0	B3	3413.28
79.5	B3	3398.8
80.0	B3	3384.54
80.5	B3	3370.84
81.0	B3	3357.85
81.5	B3	3345.61
82.0	B3	3335.17
82.5	B3	3325.92
83.0	B3	3317.7
83.5	B3	3310.12
84.0	B3	3303.46
84.5	B3	3296.55
85.0	B3	3290.03
85.5	B3	3283.21
86.0	B3	3276.27
86.5	B3	3268.62
87.0	B3	3260.96
87.5	B3	3252.55
88.0	B3	3244.17
88.5	B3	3235.32
89.0	B3	3226.44
89.5	B3	3217.44
90.0	B3	3208.93
90.5	B3	3200.59
91.0	B3	3193.23
91.5	B3	3186.49
92.0	B3	3180.22
92.5	B3	3173.86
93.0	B3	3167.28
93.5	B3	3159.84
94.0	B3	3150.81
94.5	B3	3141.59
95.0	B3	3129.27
25.0	B4	3310.0
25.5	B4	3309.59
26.0	B4	3309.18
26.5	B4	3308.77
27.0	B4	3308.35
27.5	B4	3307.94
28.0	B4	3307.53
28.5	B4	3306.87
29.0	B4	3306.27
29.5	B4	3305.47
30.0	B4	3304.34
30.5	B4	3303.44
31.0	B4	3303.89
31.5	B4	3305.3
32.0	B4	3309.0
32.5	B4	3314.75
33.0	B4	3321.84
33.5	B4	3330.13
34.0	B4	3339.65
34.5	B4	3349.97
35.0	B4	3361.84
35.5	B4	3375.44
36.0	B4	3390.85
36.5	B4	3408.71
37.0	B4	3428.48
37.5	B4	3449.35
38.0	B4	3471.96
38.5	B4	3495.94
39.0	B4	3521.12
39.5	B4	3548.03
40.0	B4	3577.42
40.5	B4	3609.01
41.0	B4	3643.04
41.5	B4	3679.42
42.0	B4	3718.92
42.5	B4	3761.48
43.0	B4	3807.3
43.5	B4	3856.8
44.0	B4	3910.29
44.5	B4	3966.67
45.0	B4	4026.23
45.5	B4	4089.54
46.0	B4	4156.32
46.5	B4	4227.06
47.0	B4	4301.96
47.5	B4	4381.0
48.0	B4	4462.74
48.5	B4	4547.11
49.0	B4	4632.71
49.5	B4	4718.87
50.0	B4	4803.41
50.5	B4	4885.65
51.0	B4	4964.0
51.5	B4	5037.34
52.0	B4	5105.19
52.5	B4	5167.81
53.0	B4	5224.42
53.5	B4	5274.88
54.0	B4	5319.21
54.5	B4	5356.36
55.0	B4	5385.23
55.5	B4	5405.91
56.0	B4	5417.64
56.5	B4	5420.47
57.0	B4	5415.68
57.5	B4	5404.53
58.0	B4	5388.03
58.5	B4	5368.43
59.0	B4	5346.09
59.5	B4	5320.89
60.0	B4	5294.93
60.5	B4	5268.96
61.0	B4	5242.62
61.5	B4	5216.65
62.0	B4	5192.35
62.5	B4	5167.1
63.0	B4	5141.21
63.5	B4	5114.92
64.0	B4	5088.92
64.5	B4	5063.27
65.0	B4	5039.29
65.5	B4	5017.33
66.0	B4	4996.78
66.5	B4	4977.12
67.0	B4	4957.43
67.5	B4	4938.84
68.0	B4	4919.74
68.5	B4	4900.46
69.0	B4	4880.61
69.5	B4	4860.2
70.0	B4	4838.22
70.5	B4	4815.23
71.0	B4	4791.5
71.5	B4	4767.61
72.0	B4	4744.06
72.5	B4	4720.6
73.0	B4	4697.52
73.5	B4	4674.38
74.0	B4	4651.62
74.5	B4	4628.23
75.0	B4	4604.76
75.5	B4	4581.82
76.0	B4	4559.91
76.5	B4	4538.04
77.0	B4	4517.28
77.5	B4	4496.79
78.0	B4	4475.7
78.5	B4	4454.31
79.0	B4	4432.82
79.5	B4	4411.83
80.0	B4	4391.52
80.5	B4	4372.27
81.0	B4	4353.68
81.5	B4	4335.82
82.0	B4	4317.38
82.5	B4	4298.77
83.0	B4	4280.05
83.5	B4	4260.77
84.0	B4	4241.67
84.5	B4	4223.43
85.0	B4	4206.11
85.5	B4	4189.54
86.0	B4	4174.74
86.5	B4	4160.36
87.0	B4	4145.92
87.5	B4	4131.77
88.0	B4	4117.32
88.5	B4	4101.58
89.0	B4	4085.8
89.5	B4	4070.45
90.0	B4	4054.53
90.5	B4	4038.68
91.0	B4	4023.5
91.5	B4	4008.07
92.0	B4	3992.06
92.5	B4	3975.6
93.0	B4	3959.06
93.5	B4	3941.69
94.0	B4	3924.17
94.5	B4	3906.64
95.0	B4	3889.09
25.0	B5	3991.05
25.5	B5	3983.27
26.0	B5	3975.49
26.5	B5	3967.72
27.0	B5	3959.94
27.5	B5	3952.17
28.0	B5	3944.39
28.5	B5	3937.37
29.0	B5	3930.96
29.5	B5	3924.14
30.0	B5	3917.7
30.5	B5	3912.87
31.0	B5	3909.03
31.5	B5	3907.08
32.0	B5	3907.34
32.5	B5	3909.8
33.0	B5	3913.51
33.5	B5	3919.25
34.0	B5	3926.66
34.5	B5	3936.08
35.0	B5	3947.56
35.5	B5	3960.93
36.0	B5	3976.07
36.5	B5	3992.57
37.0	B5	4010.0
37.5	B5	4027.58
38.0	B5	4046.73
38.5	B5	4067.1
39.0	B5	4088.28
39.5	B5	4111.45
40.0	B5	4137.84
40.5	B5	4165.99
41.0	B5	4196.39
41.5	B5	4230.1
42.0	B5	4265.93
42.5	B5	4303.16
43.0	B5	4342.48
43.5	B5	4383.42
44.0	B5	4425.78
44.5	B5	4469.18
45.0	B5	4515.08
45.5	B5	4561.91
46.0	B5	4609.95
46.5	B5	4659.48
47.0	B5	4710.25
47.5	B5	4759.67
48.0	B5	4809.47
48.5	B5	4858.87
49.0	B5	4905.21
49.5	B5	4948.06
50.0	B5	4987.51
50.5	B5	5020.59
51.0	B5	5046.87
51.5	B5	5067.79
52.0	B5	5083.41
52.5	B5	5093.83
53.0	B5	5102.03
53.5	B5	5107.23
54.0	B5	5109.65
54.5	B5	5110.08
55.0	B5	5109.57
55.5	B5	5105.72
56.0	B5	5101.46
56.5	B5	5097.58
57.0	B5	5095.48
57.5	B5	5096.11
58.0	B5	5103.99
58.5	B5	5118.76
59.0	B5	5141.67
59.5	B5	5173.04
60.0	B5	5211.57
60.5	B5	5251.73
61.0	B5	5290.35
61.5	B5	5322.08
62.0	B5	5340.35
62.5	B5	5341.72
63.0	B5	5325.46
63.5	B5	5292.09
64.0	B5	5243.77
64.5	B5	5184.58
65.0	B5	5117.33
65.5	B5	5046.49
66.0	B5	4973.72
66.5	B5	4900.02
67.0	B5	4827.35
67.5	B5	4757.0
68.0	B5	4687.86
68.5	B5	4620.07
69.0	B5	4554.78
69.5	B5	4490.81
70.0	B5	4427.59
70.5	B5	4365.88
71.0	B5	4306.25
71.5	B5	4248.21
72.0	B5	4192.68
72.5	B5	4141.01
73.0	B5	4092.49
73.5	B5	4046.96
74.0	B5	4004.68
74.5	B5	3965.17
75.0	B5	3927.09
75.5	B5	3890.78
76.0	B5	3855.79
76.5	B5	3821.86
77.0	B5	3788.81
77.5	B5	3757.09
78.0	B5	3726.5
78.5	B5	3697.7
79.0	B5	3670.24
79.5	B5	3644.58
80.0	B5	3620.78
80.5	B5	3599.06
81.0	B5	3578.55
81.5	B5	3560.11
82.0	B5	3543.28
82.5	B5	3527.72
83.0	B5	3513.1
83.5	B5	3499.71
84.0	B5	3486.7
84.5	B5	3474.09
85.0	B5	3462.17
85.5	B5	3450.56
86.0	B5	3439.52
86.5	B5	3429.24
87.0	B5	3419.19
87.5	B5	3408.52
88.0	B5	3397.45
88.5	B5	3386.04
89.0	B5	3374.11
89.5	B5	3362.59
90.0	B5	3352.13
90.5	B5	3342.71
91.0	B5	3333.6
91.5	B5	3324.99
92.0	B5	3315.73
92.5	B5	3305.59
93.0	B5	3294.75
93.5	B5	3283.26
94.0	B5	3271.21
94.5	B5	3259.2
95.0	B5	3247.03
25.0	B6	3033.32
25.5	B6	3035.04
26.0	B6	3036.76
26.5	B6	3038.47
27.0	B6	3040.19
27.5	B6	3041.91
28.0	B6	3043.62
28.5	B6	3044.79
29.0	B6	3044.91
29.5	B6	3044.87
30.0	B6	3043.97
30.5	B6	3042.59
31.0	B6	3041.57
31.5	B6	3041.49
32.0	B6	3042.5
32.5	B6	3045.11
33.0	B6	3049.15
33.5	B6	3054.02
34.0	B6	3059.93
34.5	B6	3066.07
35.0	B6	3072.92
35.5	B6	3080.67
36.0	B6	3089.37
36.5	B6	3099.0
37.0	B6	3110.34
37.5	B6	3122.63
38.0	B6	3136.18
38.5	B6	3151.37
39.0	B6	3168.05
39.5	B6	3185.74
40.0	B6	3205.17
40.5	B6	3226.39
41.0	B6	3249.83
41.5	B6	3275.84
42.0	B6	3305.53
42.5	B6	3338.72
43.0	B6	3375.44
43.5	B6	3415.24
44.0	B6	3458.37
44.5	B6	3504.06
45.0	B6	3552.39
45.5	B6	3602.82
46.0	B6	3655.69
46.5	B6	3710.76
47.0	B6	3767.23
47.5	B6	3824.79
48.0	B6	3883.52
48.5	B6	3941.94
49.0	B6	3998.71
49.5	B6	4053.91
50.0	B6	4106.28
50.5	B6	4154.83
51.0	B6	4199.79
51.5	B6	4241.09
52.0	B6	4278.94
52.5	B6	4313.3
53.0	B6	4344.49
53.5	B6	4372.29
54.0	B6	4396.65
54.5	B6	4416.19
55.0	B6	4432.03
55.5	B6	4442.85
56.0	B6	4448.7
56.5	B6	4450.15
57.0	B6	4448.5
57.5	B6	4441.86
58.0	B6	4431.94
58.5	B6	4418.03
59.0	B6	4398.94
59.5	B6	4373.63
60.0	B6	4343.73
60.5	B6	4308.54
61.0	B6	4268.97
61.5	B6	4226.49
62.0	B6	4181.96
62.5	B6	4135.31
63.0	B6	4087.44
63.5	B6	4039.0
64.0	B6	3989.53
64.5	B6	3940.11
65.0	B6	3891.32
65.5	B6	3842.86
66.0	B6	3794.59
66.5	B6	3747.55
67.0	B6	3700.94
67.5	B6	3654.49
68.0	B6	3608.83
68.5	B6	3564.02
69.0	B6	3519.67
69.5	B6	3476.03
70.0	B6	3433.15
70.5	B6	3391.03
71.0	B6	3349.82
71.5	B6	3309.71
72.0	B6	3271.47
72.5	B6	3235.42
73.0	B6	3201.68
73.5	B6	3170.62
74.0	B6	3142.67
74.5	B6	3117.06
75.0	B6	3093.59
75.5	B6	3072.45
76.0	B6	3053.48
76.5	B6	3035.4
77.0	B6	3018.46
77.5	B6	3002.85
78.0	B6	2987.79
78.5	B6	2973.13
79.0	B6	2959.88
79.5	B6	2947.87
80.0	B6	2936.68
80.5	B6	2926.57
81.0	B6	2917.15
81.5	B6	2908.1
82.0	B6	2899.33
82.5	B6	2890.7
83.0	B6	2882.38
83.5	B6	2874.36
84.0	B6	2866.69
84.5	B6	2859.41
85.0	B6	2852.89
85.5	B6	2846.62
86.0	B6	2840.7
86.5	B6	2835.13
87.0	B6	2829.78
87.5	B6	2824.37
88.0	B6	2819.06
88.5	B6	2813.96
89.0	B6	2809.12
89.5	B6	2804.25
90.0	B6	2799.56
90.5	B6	2795.14
91.0	B6	2791.11
91.5	B6	2786.94
92.0	B6	2783.04
92.5	B6	2779.18
93.0	B6	2774.95
93.5	B6	2770.15
94.0	B6	2764.86
94.5	B6	2759.26
95.0	B6	2752.73
25.0	C1	4161.29
25.5	C1	4156.19
26.0	C1	4151.08
26.5	C1	4145.97
27.0	C1	4140.86
27.5	C1	4135.76
28.0	C1	4130.65
28.5	C1	4126.3
29.0	C1	4122.43
29.5	C1	4118.59
30.0	C1	4115.26
30.5	C1	4113.63
31.0	C1	4114.05
31.5	C1	4117.04
32.0	C1	4122.7
32.5	C1	4130.36
33.0	C1	4139.46
33.5	C1	4150.3
34.0	C1	4162.8
34.5	C1	4177.47
35.0	C1	4194.46
35.5	C1	4214.0
36.0	C1	4235.35
36.5	C1	4258.34
37.0	C1	4282.17
37.5	C1	4307.16
38.0	C1	4333.53
38.5	C1	4361.67
39.0	C1	4391.22
39.5	C1	4422.91
40.0	C1	4456.77
40.5	C1	4492.6
41.0	C1	4530.31
41.5	C1	4570.65
42.0	C1	4613.41
42.5	C1	4658.3
43.0	C1	4705.27
43.5	C1	4754.35
44.0	C1	4805.16
44.5	C1	4857.16
45.0	C1	4910.73
45.5	C1	4965.19
46.0	C1	5020.04
46.5	C1	5074.77
47.0	C1	5129.17
47.5	C1	5182.0
48.0	C1	5233.28
48.5	C1	5282.49
49.0	C1	5328.73
49.5	C1	5370.95
50.0	C1	5408.73
50.5	C1	5440.97
51.0	C1	5467.17
51.5	C1	5487.43
52.0	C1	5502.57
52.5	C1	5512.61
53.0	C1	5518.85
53.5	C1	5522.08
54.0	C1	5523.38
54.5	C1	5523.88
55.0	C1	5525.33
55.5	C1	5528.43
56.0	C1	5535.72
56.5	C1	5549.12
57.0	C1	5570.68
57.5	C1	5602.92
58.0	C1	5649.06
58.5	C1	5710.34
59.0	C1	5788.55
59.5	C1	5883.38
60.0	C1	5993.03
60.5	C1	6112.5
61.0	C1	6235.83
61.5	C1	6354.28
62.0	C1	6459.63
62.5	C1	6544.02
63.0	C1	6603.53
63.5	C1	6636.36
64.0	C1	6645.04
64.5	C1	6633.86
65.0	C1	6608.8
65.5	C1	6575.02
66.0	C1	6536.62
66.5	C1	6495.98
67.0	C1	6455.22
67.5	C1	6414.68
68.0	C1	6373.87
68.5	C1	6333.5
69.0	C1	6293.48
69.5	C1	6253.27
70.0	C1	6212.79
70.5	C1	6172.86
71.0	C1	6132.56
71.5	C1	6092.35
72.0	C1	6052.14
72.5	C1	6012.37
73.0	C1	5972.7
73.5	C1	5933.63
74.0	C1	5895.23
74.5	C1	5857.58
75.0	C1	5820.65
75.5	C1	5784.27
76.0	C1	5748.7
76.5	C1	5713.54
77.0	C1	5679.05
77.5	C1	5644.62
78.0	C1	5610.72
78.5	C1	5577.13
79.0	C1	5543.7
79.5	C1	5509.95
80.0	C1	5477.08
80.5	C1	5444.78
81.0	C1	5412.96
81.5	C1	5382.08
82.0	C1	5352.6
82.5	C1	5323.47
83.0	C1	5294.64
83.5	C1	5266.0
84.0	C1	5237.5
84.5	C1	5209.02
85.0	C1	5180.99
85.5	C1	5153.92
86.0	C1	5128.05
86.5	C1	5103.07
87.0	C1	5078.53
87.5	C1	5053.91
88.0	C1	5028.38
88.5	C1	5002.22
89.0	C1	4975.41
89.5	C1	4949.24
90.0	C1	4924.54
90.5	C1	4901.81
91.0	C1	4880.37
91.5	C1	4860.55
92.0	C1	4840.86
92.5	C1	4821.13
93.0	C1	4800.75
93.5	C1	4780.25
94.0	C1	4758.68
94.5	C1	4737.25
95.0	C1	4714.28
25.0	C2	4027.64
25.5	C2	4021.19
26.0	C2	4014.74
26.5	C2	4008.29
27.0	C2	4001.84
27.5	C2	3995.39
28.0	C2	3988.94
28.5	C2	3982.9
29.0	C2	3976.85
29.5	C2	3970.89
30.0	C2	3965.15
30.5	C2	3959.85
31.0	C2	3955.28
31.5	C2	3951.52
32.0	C2	3948.99
32.5	C2	3947.57
33.0	C2	3946.76
33.5	C2	3946.69
34.0	C2	3947.4
34.5	C2	3948.41
35.0	C2	3949.58
35.5	C2	3951.23
36.0	C2	3952.7
36.5	C2	3954.05
37.0	C2	3955.3
37.5	C2	3956.5
38.0	C2	3957.32
38.5	C2	3958.25
39.0	C2	3959.28
39.5	C2	3960.69
40.0	C2	3962.74
40.5	C2	3965.61
41.0	C2	3968.96
41.5	C2	3972.74
42.0	C2	3976.73
42.5	C2	3980.41
43.0	C2	3983.82
43.5	C2	3987.18
44.0	C2	3990.41
44.5	C2	3993.26
45.0	C2	3996.13
45.5	C2	3998.7
46.0	C2	4001.15
46.5	C2	4003.42
47.0	C2	4005.85
47.5	C2	4008.21
48.0	C2	4010.89
48.5	C2	4013.32
49.0	C2	4015.19
49.5	C2	4016.75
50.0	C2	4018.46
50.5	C2	4020.13
51.0	C2	4022.51
51.5	C2	4026.35
52.0	C2	4031.31
52.5	C2	4037.05
53.0	C2	4044.0
53.5	C2	4052.44
54.0	C2	4062.88
54.5	C2	4075.65
55.0	C2	4091.66
55.5	C2	4111.58
56.0	C2	4135.25
56.5	C2	4162.75
57.0	C2	4195.43
57.5	C2	4233.95
58.0	C2	4278.44
58.5	C2	4330.53
59.0	C2	4390.99
59.5	C2	4459.46
60.0	C2	4535.54
60.5	C2	4618.84
61.0	C2	4706.84
61.5	C2	4798.17
62.0	C2	4890.64
62.5	C2	4982.71
63.0	C2	5072.39
63.5	C2	5159.81
64.0	C2	5243.03
64.5	C2	5321.44
65.0	C2	5393.64
65.5	C2	5459.11
66.0	C2	5515.06
66.5	C2	5561.1
67.0	C2	5597.07
67.5	C2	5623.05
68.0	C2	5639.57
68.5	C2	5649.54
69.0	C2	5654.16
69.5	C2	5654.54
70.0	C2	5651.88
70.5	C2	5646.49
71.0	C2	5637.75
71.5	C2	5625.67
72.0	C2	5610.15
72.5	C2	5591.43
73.0	C2	5570.01
73.5	C2	5546.69
74.0	C2	5521.64
74.5	C2	5496.11
75.0	C2	5469.89
75.5	C2	5443.22
76.0	C2	5415.9
76.5	C2	5388.9
77.0	C2	5360.96
77.5	C2	5332.87
78.0	C2	5304.11
78.5	C2	5275.08
79.0	C2	5245.36
79.5	C2	5215.46
80.0	C2	5185.06
80.5	C2	5155.15
81.0	C2	5125.06
81.5	C2	5095.29
82.0	C2	5066.2
82.5	C2	5037.53
83.0	C2	5008.99
83.5	C2	4981.35
84.0	C2	4953.79
84.5	C2	4925.98
85.0	C2	4898.42
85.5	C2	4871.06
86.0	C2	4843.88
86.5	C2	4817.34
87.0	C2	4792.1
87.5	C2	4767.99
88.0	C2	4744.91
88.5	C2	4722.59
89.0	C2	4700.84
89.5	C2	4679.12
90.0	C2	4657.64
90.5	C2	4636.33
91.0	C2	4615.07
91.5	C2	4593.7
92.0	C2	4572.42
92.5	C2	4550.92
93.0	C2	4529.32
93.5	C2	4508.2
94.0	C2	4487.08
94.5	C2	4466.19
95.0	C2	4444.99
25.0	C3	3859.46
25.5	C3	3853.53
26.0	C3	3847.6
26.5	C3	3841.66
27.0	C3	3835.73
27.5	C3	3829.8
28.0	C3	3823.87
28.5	C3	3817.46
29.0	C3	3810.84
29.5	C3	3803.74
30.0	C3	3796.37
30.5	C3	3789.34
31.0	C3	3783.49
31.5	C3	3779.32
32.0	C3	3777.17
32.5	C3	3777.28
33.0	C3	3779.19
33.5	C3	3782.96
34.0	C3	3788.7
34.5	C3	3796.28
35.0	C3	3805.58
35.5	C3	3816.76
36.0	C3	3829.27
36.5	C3	3842.81
37.0	C3	3857.01
37.5	C3	3871.87
38.0	C3	3887.7
38.5	C3	3905.18
39.0	C3	3923.58
39.5	C3	3944.22
40.0	C3	3967.26
40.5	C3	3992.29
41.0	C3	4018.88
41.5	C3	4047.97
42.0	C3	4078.59
42.5	C3	4110.12
43.0	C3	4143.38
43.5	C3	4177.93
44.0	C3	4213.95
44.5	C3	4251.03
45.0	C3	4290.45
45.5	C3	4330.15
46.0	C3	4370.96
46.5	C3	4412.49
47.0	C3	4454.46
47.5	C3	4495.77
48.0	C3	4537.52
48.5	C3	4578.78
49.0	C3	4618.41
49.5	C3	4655.59
50.0	C3	4689.22
50.5	C3	4718.08
51.0	C3	4741.55
51.5	C3	4759.74
52.0	C3	4774.16
52.5	C3	4785.23
53.0	C3	4794.4
53.5	C3	4802.28
54.0	C3	4809.28
54.5	C3	4815.17
55.0	C3	4820.74
55.5	C3	4825.08
56.0	C3	4829.2
56.5	C3	4834.01
57.0	C3	4839.5
57.5	C3	4846.54
58.0	C3	4856.69
58.5	C3	4869.81
59.0	C3	4885.56
59.5	C3	4904.13
60.0	C3	4922.86
60.5	C3	4938.75
61.0	C3	4948.91
61.5	C3	4950.18
62.0	C3	4939.96
62.5	C3	4917.75
63.0	C3	4884.52
63.5	C3	4841.91
64.0	C3	4792.29
64.5	C3	4738.2
65.0	C3	4682.31
65.5	C3	4626.08
66.0	C3	4570.66
66.5	C3	4516.89
67.0	C3	4465.11
67.5	C3	4415.14
68.0	C3	4366.77
68.5	C3	4319.88
69.0	C3	4274.63
69.5	C3	4230.45
70.0	C3	4187.4
70.5	C3	4145.94
71.0	C3	4105.6
71.5	C3	4066.63
72.0	C3	4029.84
72.5	C3	3995.21
73.0	C3	3962.26
73.5	C3	3931.73
74.0	C3	3903.05
74.5	C3	3875.33
75.0	C3	3848.35
75.5	C3	3822.43
76.0	C3	3797.14
76.5	C3	3772.36
77.0	C3	3748.6
77.5	C3	3725.95
78.0	C3	3704.19
78.5	C3	3683.21
79.0	C3	3663.0
79.5	C3	3643.69
80.0	C3	3625.46
80.5	C3	3608.16
81.0	C3	3592.02
81.5	C3	3577.57
82.0	C3	3563.91
82.5	C3	3550.87
83.0	C3	3538.31
83.5	C3	3525.91
84.0	C3	3513.22
84.5	C3	3500.98
85.0	C3	3489.07
85.5	C3	3477.56
86.0	C3	3466.69
86.5	C3	3456.52
87.0	C3	3446.58
87.5	C3	3435.94
88.0	C3	3424.98
88.5	C3	3413.57
89.0	C3	3401.53
89.5	C3	3389.11
90.0	C3	3377.87
90.5	C3	3367.29
91.0	C3	3357.13
91.5	C3	3347.31
92.0	C3	3337.88
92.5	C3	3328.0
93.0	C3	3317.55
93.5	C3	3306.95
94.0	C3	3294.78
94.5	C3	3282.7
95.0	C3	3266.99
25.0	C4	3186.37
25.5	C4	3185.11
26.0	C4	3183.85
26.5	C4	3182.6
27.0	C4	3181.34
27.5	C4	3180.08
28.0	C4	3178.82
28.5	C4	3177.8
29.0	C4	3176.33
29.5	C4	3174.8
30.0	C4	3172.54
30.5	C4	3169.93
31.0	C4	3167.64
31.5	C4	3166.59
32.0	C4	3166.5
32.5	C4	3168.1
33.0	C4	3171.31
33.5	C4	3175.75
34.0	C4	3180.75
34.5	C4	3186.95
35.0	C4	3194.3
35.5	C4	3202.37
36.0	C4	3211.47
36.5	C4	3222.27
37.0	C4	3234.04
37.5	C4	3246.75
38.0	C4	3260.93
38.5	C4	3276.52
39.0	C4	3293.25
39.5	C4	3311.35
40.0	C4	3331.26
40.5	C4	3352.9
41.0	C4	3376.48
41.5	C4	3402.15
42.0	C4	3430.39
42.5	C4	3460.81
43.0	C4	3493.91
43.5	C4	3529.52
44.0	C4	3567.77
44.5	C4	3608.93
45.0	C4	3653.43
45.5	C4	3700.9
46.0	C4	3751.48
46.5	C4	3805.38
47.0	C4	3862.23
47.5	C4	3921.79
48.0	C4	3984.3
48.5	C4	4049.73
49.0	C4	4117.39
49.5	C4	4186.4
50.0	C4	4256.09
50.5	C4	4325.15
51.0	C4	4392.22
51.5	C4	4456.83
52.0	C4	4518.64
52.5	C4	4577.38
53.0	C4	4633.03
53.5	C4	4685.19
54.0	C4	4732.71
54.5	C4	4775.18
55.0	C4	4810.96
55.5	C4	4838.16
56.0	C4	4857.02
56.5	C4	4867.6
57.0	C4	4869.85
57.5	C4	4864.93
58.0	C4	4855.03
58.5	C4	4840.47
59.0	C4	4822.33
59.5	C4	4801.78
60.0	C4	4779.56
60.5	C4	4756.11
61.0	C4	4732.68
61.5	C4	4709.73
62.0	C4	4687.28
62.5	C4	4665.52
63.0	C4	4644.55
63.5	C4	4623.88
64.0	C4	4603.6
64.5	C4	4583.86
65.0	C4	4564.97
65.5	C4	4547.33
66.0	C4	4531.08
66.5	C4	4516.44
67.0	C4	4503.34
67.5	C4	4491.48
68.0	C4	4480.25
68.5	C4	4469.09
69.0	C4	4457.49
69.5	C4	4445.23
70.0	C4	4432.15
70.5	C4	4418.19
71.0	C4	4403.86
71.5	C4	4389.38
72.0	C4	4374.96
72.5	C4	4361.03
73.0	C4	4347.89
73.5	C4	4335.61
74.0	C4	4324.21
74.5	C4	4314.09
75.0	C4	4304.88
75.5	C4	4296.67
76.0	C4	4289.34
76.5	C4	4282.96
77.0	C4	4276.98
77.5	C4	4271.51
78.0	C4	4266.57
78.5	C4	4261.94
79.0	C4	4257.56
79.5	C4	4253.79
80.0	C4	4250.35
80.5	C4	4246.36
81.0	C4	4241.87
81.5	C4	4236.44
82.0	C4	4229.35
82.5	C4	4220.52
83.0	C4	4210.84
83.5	C4	4199.79
84.0	C4	4187.75
84.5	C4	4175.29
85.0	C4	4162.99
85.5	C4	4150.65
86.0	C4	4139.35
86.5	C4	4129.11
87.0	C4	4119.75
87.5	C4	4110.9
88.0	C4	4102.56
88.5	C4	4093.97
89.0	C4	4085.13
89.5	C4	4076.0
90.0	C4	4066.93
90.5	C4	4057.75
91.0	C4	4048.92
91.5	C4	4040.61
92.0	C4	4032.97
92.5	C4	4025.43
93.0	C4	4017.86
93.5	C4	4010.02
94.0	C4	4000.83
94.5	C4	3991.42
95.0	C4	3979.41
25.0	C5	3920.84
25.5	C5	3915.41
26.0	C5	3909.97
26.5	C5	3904.54
27.0	C5	3899.1
27.5	C5	3893.67
28.0	C5	3888.23
28.5	C5	3882.71
29.0	C5	3877.03
29.5	C5	3871.33
30.0	C5	3865.61
30.5	C5	3860.46
31.0	C5	3856.54
31.5	C5	3853.96
32.0	C5	3852.87
32.5	C5	3853.27
33.0	C5	3855.12
33.5	C5	3858.42
34.0	C5	3863.55
34.5	C5	3870.45
35.0	C5	3879.29
35.5	C5	3889.75
36.0	C5	3901.41
36.5	C5	3913.53
37.0	C5	3925.85
37.5	C5	3938.14
38.0	C5	3950.95
38.5	C5	3964.56
39.0	C5	3978.87
39.5	C5	3994.6
40.0	C5	4012.0
40.5	C5	4030.68
41.0	C5	4050.18
41.5	C5	4071.22
42.0	C5	4093.35
42.5	C5	4115.96
43.0	C5	4139.65
43.5	C5	4164.6
44.0	C5	4190.61
44.5	C5	4217.4
45.0	C5	4246.19
45.5	C5	4275.21
46.0	C5	4304.9
46.5	C5	4335.57
47.0	C5	4367.1
47.5	C5	4398.15
48.0	C5	4430.28
48.5	C5	4462.71
49.0	C5	4494.29
49.5	C5	4524.14
50.0	C5	4551.82
50.5	C5	4576.45
51.0	C5	4597.5
51.5	C5	4614.89
52.0	C5	4629.81
52.5	C5	4642.7
53.0	C5	4653.84
53.5	C5	4663.26
54.0	C5	4671.13
54.5	C5	4677.11
55.0	C5	4681.62
55.5	C5	4683.77
56.0	C5	4685.53
56.5	C5	4688.02
57.0	C5	4691.44
57.5	C5	4696.89
58.0	C5	4707.15
58.5	C5	4721.52
59.0	C5	4740.14
59.5	C5	4764.12
60.0	C5	4791.34
60.5	C5	4818.33
61.0	C5	4842.81
61.5	C5	4861.23
62.0	C5	4869.59
62.5	C5	4866.33
63.0	C5	4850.84
63.5	C5	4823.5
64.0	C5	4786.01
64.5	C5	4741.01
65.0	C5	4690.38
65.5	C5	4637.14
66.0	C5	4582.64
66.5	C5	4528.51
67.0	C5	4474.9
67.5	C5	4423.32
68.0	C5	4372.94
68.5	C5	4324.03
69.0	C5	4275.92
69.5	C5	4229.03
70.0	C5	4182.4
70.5	C5	4136.49
71.0	C5	4091.39
71.5	C5	4048.09
72.0	C5	4006.78
72.5	C5	3968.13
73.0	C5	3932.14
73.5	C5	3898.98
74.0	C5	3867.7
74.5	C5	3838.25
75.0	C5	3810.29
75.5	C5	3783.62
76.0	C5	3757.83
76.5	C5	3733.49
77.0	C5	3710.12
77.5	C5	3687.24
78.0	C5	3665.41
78.5	C5	3644.66
79.0	C5	3624.75
79.5	C5	3605.93
80.0	C5	3588.99
80.5	C5	3572.88
81.0	C5	3558.0
81.5	C5	3544.43
82.0	C5	3532.25
82.5	C5	3521.0
83.0	C5	3511.23
83.5	C5	3502.15
84.0	C5	3493.52
84.5	C5	3484.89
85.0	C5	3476.52
85.5	C5	3468.19
86.0	C5	3460.21
86.5	C5	3452.5
87.0	C5	3444.99
87.5	C5	3436.75
88.0	C5	3427.86
88.5	C5	3418.35
89.0	C5	3408.2
89.5	C5	3397.74
90.0	C5	3387.77
90.5	C5	3378.18
91.0	C5	3368.5
91.5	C5	3358.81
92.0	C5	3348.81
92.5	C5	3338.41
93.0	C5	3327.55
93.5	C5	3316.8
94.0	C5	3306.25
94.5	C5	3295.68
95.0	C5	3285.84
25.0	C6	3339.39
25.5	C6	3338.22
26.0	C6	3337.06
26.5	C6	3335.89
27.0	C6	3334.73
27.5	C6	3333.56
28.0	C6	3332.39
28.5	C6	3331.67
29.0	C6	3330.85
29.5	C6	3329.71
30.0	C6	3328.31
30.5	C6	3326.74
31.0	C6	3325.76
31.5	C6	3326.11
32.0	C6	3328.07
32.5	C6	3331.87
33.0	C6	3337.55
33.5	C6	3344.78
34.0	C6	3353.23
34.5	C6	3363.08
35.0	C6	3374.22
35.5	C6	3386.87
36.0	C6	3401.22
36.5	C6	3416.95
37.0	C6	3434.15
37.5	C6	3452.72
38.0	C6	3472.35
38.5	C6	3492.9
39.0	C6	3514.96
39.5	C6	3538.42
40.0	C6	3563.2
40.5	C6	3589.95
41.0	C6	3618.92
41.5	C6	3649.8
42.0	C6	3682.85
42.5	C6	3718.71
43.0	C6	3757.33
43.5	C6	3798.8
44.0	C6	3843.73
44.5	C6	3891.93
45.0	C6	3943.11
45.5	C6	3996.81
46.0	C6	4052.38
46.5	C6	4109.73
47.0	C6	4168.6
47.5	C6	4228.25
48.0	C6	4288.52
48.5	C6	4349.21
49.0	C6	4408.91
49.5	C6	4466.79
50.0	C6	4522.24
50.5	C6	4574.12
51.0	C6	4621.81
51.5	C6	4664.84
52.0	C6	4703.11
52.5	C6	4736.58
53.0	C6	4765.56
53.5	C6	4789.86
54.0	C6	4810.06
54.5	C6	4826.07
55.0	C6	4837.78
55.5	C6	4845.45
56.0	C6	4848.86
56.5	C6	4847.9
57.0	C6	4842.12
57.5	C6	4830.78
58.0	C6	4813.0
58.5	C6	4788.61
59.0	C6	4756.47
59.5	C6	4716.32
60.0	C6	4668.8
60.5	C6	4614.15
61.0	C6	4552.95
61.5	C6	4486.92
62.0	C6	4417.98
62.5	C6	4347.16
63.0	C6	4275.91
63.5	C6	4205.52
64.0	C6	4136.4
64.5	C6	4068.44
65.0	C6	4002.03
65.5	C6	3937.31
66.0	C6	3873.86
66.5	C6	3812.14
67.0	C6	3752.15
67.5	C6	3694.09
68.0	C6	3638.0
68.5	C6	3584.63
69.0	C6	3533.45
69.5	C6	3484.79
70.0	C6	3438.5
70.5	C6	3394.84
71.0	C6	3353.66
71.5	C6	3315.19
72.0	C6	3279.78
72.5	C6	3247.51
73.0	C6	3218.0
73.5	C6	3190.76
74.0	C6	3166.28
74.5	C6	3143.75
75.0	C6	3122.96
75.5	C6	3103.73
76.0	C6	3086.31
76.5	C6	3069.95
77.0	C6	3054.6
77.5	C6	3040.34
78.0	C6	3027.37
78.5	C6	3015.29
79.0	C6	3004.13
79.5	C6	2994.16
80.0	C6	2984.93
80.5	C6	2976.37
81.0	C6	2968.92
81.5	C6	2962.43
82.0	C6	2956.62
82.5	C6	2952.0
83.0	C6	2948.45
83.5	C6	2945.26
84.0	C6	2942.57
84.5	C6	2940.44
85.0	C6	2938.51
85.5	C6	2936.64
86.0	C6	2935.2
86.5	C6	2933.86
87.0	C6	2932.6
87.5	C6	2930.97
88.0	C6	2928.97
88.5	C6	2926.16
89.0	C6	2923.04
89.5	C6	2919.1
90.0	C6	2915.09
90.5	C6	2910.86
91.0	C6	2906.8
91.5	C6	2902.37
92.0	C6	2898.08
92.5	C6	2893.17
93.0	C6	2888.0
93.5	C6	2882.4
94.0	C6	2876.79
94.5	C6	2870.89
95.0	C6	2865.37
25.0	D1	4042.78
25.5	D1	4035.36
26.0	D1	4027.95
26.5	D1	4020.53
27.0	D1	4013.12
27.5	D1	4005.71
28.0	D1	3998.29
28.5	D1	3991.72
29.0	D1	3985.46
29.5	D1	3979.91
30.0	D1	3975.51
30.5	D1	3973.36
31.0	D1	3973.11
31.5	D1	3975.26
32.0	D1	3979.74
32.5	D1	3986.34
33.0	D1	3994.39
33.5	D1	4004.18
34.0	D1	4015.94
34.5	D1	4029.53
35.0	D1	4045.12
35.5	D1	4062.94
36.0	D1	4082.57
36.5	D1	4103.64
37.0	D1	4126.37
37.5	D1	4150.53
38.0	D1	4176.35
38.5	D1	4203.48
39.0	D1	4232.23
39.5	D1	4262.2
40.0	D1	4293.3
40.5	D1	4324.91
41.0	D1	4358.05
41.5	D1	4392.18
42.0	D1	4427.07
42.5	D1	4463.22
43.0	D1	4501.07
43.5	D1	4539.56
44.0	D1	4578.92
44.5	D1	4619.72
45.0	D1	4661.73
45.5	D1	4703.77
46.0	D1	4746.53
46.5	D1	4789.93
47.0	D1	4833.34
47.5	D1	4876.57
48.0	D1	4921.86
48.5	D1	4968.78
49.0	D1	5018.22
49.5	D1	5071.16
50.0	D1	5128.33
50.5	D1	5187.73
51.0	D1	5251.1
51.5	D1	5317.92
52.0	D1	5388.86
52.5	D1	5463.72
53.0	D1	5544.98
53.5	D1	5630.51
54.0	D1	5720.49
54.5	D1	5812.05
55.0	D1	5903.81
55.5	D1	5991.72
56.0	D1	6074.89
56.5	D1	6150.06
57.0	D1	6216.12
57.5	D1	6270.57
58.0	D1	6313.18
58.5	D1	6342.34
59.0	D1	6358.85
59.5	D1	6364.02
60.0	D1	6360.16
60.5	D1	6348.45
61.0	D1	6331.72
61.5	D1	6310.76
62.0	D1	6287.12
62.5	D1	6261.35
63.0	D1	6234.75
63.5	D1	6207.71
64.0	D1	6181.4
64.5	D1	6154.91
65.0	D1	6128.56
65.5	D1	6102.03
66.0	D1	6074.68
66.5	D1	6046.51
67.0	D1	6018.13
67.5	D1	5989.84
68.0	D1	5962.28
68.5	D1	5935.44
69.0	D1	5909.21
69.5	D1	5883.77
70.0	D1	5858.8
70.5	D1	5832.63
71.0	D1	5805.32
71.5	D1	5776.94
72.0	D1	5747.58
72.5	D1	5716.87
73.0	D1	5686.58
73.5	D1	5656.82
74.0	D1	5627.09
74.5	D1	5596.45
75.0	D1	5565.35
75.5	D1	5533.43
76.0	D1	5501.17
76.5	D1	5469.1
77.0	D1	5438.11
77.5	D1	5408.3
78.0	D1	5379.61
78.5	D1	5351.77
79.0	D1	5325.16
79.5	D1	5300.17
80.0	D1	5276.41
80.5	D1	5253.74
81.0	D1	5232.63
81.5	D1	5211.7
82.0	D1	5189.83
82.5	D1	5167.57
83.0	D1	5145.31
83.5	D1	5121.85
84.0	D1	5098.76
84.5	D1	5076.84
85.0	D1	5055.33
85.5	D1	5034.11
86.0	D1	5013.47
86.5	D1	4992.14
87.0	D1	4969.16
87.5	D1	4945.18
88.0	D1	4920.07
88.5	D1	4894.47
89.0	D1	4869.55
89.5	D1	4846.12
90.0	D1	4825.06
90.5	D1	4805.96
91.0	D1	4788.17
91.5	D1	4770.68
92.0	D1	4753.56
92.5	D1	4734.23
93.0	D1	4712.38
93.5	D1	4688.73
94.0	D1	4662.93
94.5	D1	4635.33
95.0	D1	4606.37
25.0	D2	4294.89
25.5	D2	4286.97
26.0	D2	4279.05
26.5	D2	4271.13
27.0	D2	4263.21
27.5	D2	4255.29
28.0	D2	4247.37
28.5	D2	4240.4
29.0	D2	4233.83
29.5	D2	4227.62
30.0	D2	4221.74
30.5	D2	4216.94
31.0	D2	4214.07
31.5	D2	4213.68
32.0	D2	4215.44
32.5	D2	4219.62
33.0	D2	4225.63
33.5	D2	4233.11
34.0	D2	4242.06
34.5	D2	4252.94
35.0	D2	4265.22
35.5	D2	4279.15
36.0	D2	4294.29
36.5	D2	4309.52
37.0	D2	4324.46
37.5	D2	4339.23
38.0	D2	4353.84
38.5	D2	4368.85
39.0	D2	4384.35
39.5	D2	4400.72
40.0	D2	4418.46
40.5	D2	4436.91
41.0	D2	4455.49
41.5	D2	4475.56
42.0	D2	4496.04
42.5	D2	4516.78
43.0	D2	4538.24
43.5	D2	4560.31
44.0	D2	4582.32
44.5	D2	4604.46
45.0	D2	4626.85
45.5	D2	4649.02
46.0	D2	4671.46
46.5	D2	4694.06
47.0	D2	4717.8
47.5	D2	4742.75
48.0	D2	4770.01
48.5	D2	4800.19
49.0	D2	4833.83
49.5	D2	4871.17
50.0	D2	4912.38
50.5	D2	4957.72
51.0	D2	5007.17
51.5	D2	5061.73
52.0	D2	5122.06
52.5	D2	5189.21
53.0	D2	5264.87
53.5	D2	5349.41
54.0	D2	5442.68
54.5	D2	5543.87
55.0	D2	5651.92
55.5	D2	5763.51
56.0	D2	5878.02
56.5	D2	5992.22
57.0	D2	6104.15
57.5	D2	6210.61
58.0	D2	6309.9
58.5	D2	6398.0
59.0	D2	6474.22
59.5	D2	6536.84
60.0	D2	6587.15
60.5	D2	6624.3
61.0	D2	6650.43
61.5	D2	6667.18
62.0	D2	6677.38
62.5	D2	6681.58
63.0	D2	6682.85
63.5	D2	6682.21
64.0	D2	6680.5
64.5	D2	6676.35
65.0	D2	6669.39
65.5	D2	6660.41
66.0	D2	6649.09
66.5	D2	6633.94
67.0	D2	6617.08
67.5	D2	6600.31
68.0	D2	6581.71
68.5	D2	6562.02
69.0	D2	6542.95
69.5	D2	6523.99
70.0	D2	6503.43
70.5	D2	6482.03
71.0	D2	6459.07
71.5	D2	6434.29
72.0	D2	6406.34
72.5	D2	6376.64
73.0	D2	6345.11
73.5	D2	6312.19
74.0	D2	6277.93
74.5	D2	6243.82
75.0	D2	6209.01
75.5	D2	6174.54
76.0	D2	6140.86
76.5	D2	6107.7
77.0	D2	6074.5
77.5	D2	6041.7
78.0	D2	6008.15
78.5	D2	5973.64
79.0	D2	5937.72
79.5	D2	5901.55
80.0	D2	5864.72
80.5	D2	5828.97
81.0	D2	5792.74
81.5	D2	5757.77
82.0	D2	5722.3
82.5	D2	5687.74
83.0	D2	5652.46
83.5	D2	5618.48
84.0	D2	5585.1
84.5	D2	5553.94
85.0	D2	5523.66
85.5	D2	5495.0
86.0	D2	5467.87
86.5	D2	5440.16
87.0	D2	5411.27
87.5	D2	5382.13
88.0	D2	5351.45
88.5	D2	5318.65
89.0	D2	5286.65
89.5	D2	5254.71
90.0	D2	5222.06
90.5	D2	5191.17
91.0	D2	5161.86
91.5	D2	5133.31
92.0	D2	5105.69
92.5	D2	5077.86
93.0	D2	5046.44
93.5	D2	5011.59
94.0	D2	4971.22
94.5	D2	4928.17
95.0	D2	4878.3
25.0	D3	3397.35
25.5	D3	3395.77
26.0	D3	3394.19
26.5	D3	3392.61
27.0	D3	3391.02
27.5	D3	3389.44
28.0	D3	3387.86
28.5	D3	3385.98
29.0	D3	3383.91
29.5	D3	3382.11
30.0	D3	3380.84
30.5	D3	3380.11
31.0	D3	3380.73
31.5	D3	3382.94
32.0	D3	3386.9
32.5	D3	3392.33
33.0	D3	3399.24
33.5	D3	3407.53
34.0	D3	3417.14
34.5	D3	3428.16
35.0	D3	3440.95
35.5	D3	3455.81
36.0	D3	3472.12
36.5	D3	3489.85
37.0	D3	3508.51
37.5	D3	3528.08
38.0	D3	3548.08
38.5	D3	3569.45
39.0	D3	3591.44
39.5	D3	3614.54
40.0	D3	3639.21
40.5	D3	3665.24
41.0	D3	3691.75
41.5	D3	3719.88
42.0	D3	3749.31
42.5	D3	3778.81
43.0	D3	3809.34
43.5	D3	3840.74
44.0	D3	3872.09
44.5	D3	3903.77
45.0	D3	3936.54
45.5	D3	3969.33
46.0	D3	4002.92
46.5	D3	4037.47
47.0	D3	4072.62
47.5	D3	4108.06
48.0	D3	4144.92
48.5	D3	4182.92
49.0	D3	4222.83
49.5	D3	4264.92
50.0	D3	4309.65
50.5	D3	4355.82
51.0	D3	4404.11
51.5	D3	4453.7
52.0	D3	4504.58
52.5	D3	4556.58
53.0	D3	4610.75
53.5	D3	4665.75
54.0	D3	4721.41
54.5	D3	4776.27
55.0	D3	4829.23
55.5	D3	4878.48
56.0	D3	4922.57
56.5	D3	4959.53
57.0	D3	4988.62
57.5	D3	5008.49
58.0	D3	5018.05
58.5	D3	5017.47
59.0	D3	5008.62
59.5	D3	4992.28
60.0	D3	4969.89
60.5	D3	4942.79
61.0	D3	4912.93
61.5	D3	4879.6
62.0	D3	4843.6
62.5	D3	4805.14
63.0	D3	4765.27
63.5	D3	4723.05
64.0	D3	4679.16
64.5	D3	4633.54
65.0	D3	4586.91
65.5	D3	4538.83
66.0	D3	4490.12
66.5	D3	4441.16
67.0	D3	4392.8
67.5	D3	4344.82
68.0	D3	4297.84
68.5	D3	4252.19
69.0	D3	4208.17
69.5	D3	4165.58
70.0	D3	4124.64
70.5	D3	4085.02
71.0	D3	4046.6
71.5	D3	4009.2
72.0	D3	3972.53
72.5	D3	3936.26
73.0	D3	3901.15
73.5	D3	3866.67
74.0	D3	3833.09
74.5	D3	3800.85
75.0	D3	3770.47
75.5	D3	3741.21
76.0	D3	3713.38
76.5	D3	3686.78
77.0	D3	3661.04
77.5	D3	3636.22
78.0	D3	3612.43
78.5	D3	3589.76
79.0	D3	3568.26
79.5	D3	3548.12
80.0	D3	3528.94
80.5	D3	3511.21
81.0	D3	3495.29
81.5	D3	3480.66
82.0	D3	3467.44
82.5	D3	3455.94
83.0	D3	3445.41
83.5	D3	3435.45
84.0	D3	3426.8
84.5	D3	3419.63
85.0	D3	3413.48
85.5	D3	3408.43
86.0	D3	3403.97
86.5	D3	3399.6
87.0	D3	3394.35
87.5	D3	3388.27
88.0	D3	3381.48
88.5	D3	3374.7
89.0	D3	3367.54
89.5	D3	3360.19
90.0	D3	3353.0
90.5	D3	3345.75
91.0	D3	3337.76
91.5	D3	3329.96
92.0	D3	3322.77
92.5	D3	3315.3
93.0	D3	3307.17
93.5	D3	3299.13
94.0	D3	3288.39
94.5	D3	3277.3
95.0	D3	3261.03
25.0	D4	3327.25
25.5	D4	3331.75
26.0	D4	3336.24
26.5	D4	3340.73
27.0	D4	3345.23
27.5	D4	3349.72
28.0	D4	3354.21
28.5	D4	3359.92
29.0	D4	3366.27
29.5	D4	3373.27
30.0	D4	3380.94
30.5	D4	3390.08
31.0	D4	3401.06
31.5	D4	3414.98
32.0	D4	3432.44
32.5	D4	3454.48
33.0	D4	3480.98
33.5	D4	3513.08
34.0	D4	3551.79
34.5	D4	3597.74
35.0	D4	3651.35
35.5	D4	3713.35
36.0	D4	3782.58
36.5	D4	3857.33
37.0	D4	3936.29
37.5	D4	4017.5
38.0	D4	4099.07
38.5	D4	4180.57
39.0	D4	4260.82
39.5	D4	4338.85
40.0	D4	4414.84
40.5	D4	4488.08
41.0	D4	4557.73
41.5	D4	4623.64
42.0	D4	4685.55
42.5	D4	4741.92
43.0	D4	4793.25
43.5	D4	4838.64
44.0	D4	4878.83
44.5	D4	4914.24
45.0	D4	4945.72
45.5	D4	4972.8
46.0	D4	4996.78
46.5	D4	5017.26
47.0	D4	5034.28
47.5	D4	5048.35
48.0	D4	5059.41
48.5	D4	5067.37
49.0	D4	5072.61
49.5	D4	5075.09
50.0	D4	5073.87
50.5	D4	5069.92
51.0	D4	5063.7
51.5	D4	5054.95
52.0	D4	5043.68
52.5	D4	5031.6
53.0	D4	5018.93
53.5	D4	5004.53
54.0	D4	4989.44
54.5	D4	4973.87
55.0	D4	4957.52
55.5	D4	4940.0
56.0	D4	4922.73
56.5	D4	4905.84
57.0	D4	4889.66
57.5	D4	4874.24
58.0	D4	4859.55
58.5	D4	4845.88
59.0	D4	4832.43
59.5	D4	4819.57
60.0	D4	4806.9
60.5	D4	4794.92
61.0	D4	4783.37
61.5	D4	4772.28
62.0	D4	4761.28
62.5	D4	4750.06
63.0	D4	4739.18
63.5	D4	4727.91
64.0	D4	4715.9
64.5	D4	4703.33
65.0	D4	4691.22
65.5	D4	4677.94
66.0	D4	4663.74
66.5	D4	4649.81
67.0	D4	4635.9
67.5	D4	4620.66
68.0	D4	4605.12
68.5	D4	4589.63
69.0	D4	4573.24
69.5	D4	4555.89
70.0	D4	4538.62
70.5	D4	4521.26
71.0	D4	4503.38
71.5	D4	4485.32
72.0	D4	4466.8
72.5	D4	4447.76
73.0	D4	4427.68
73.5	D4	4406.55
74.0	D4	4385.09
74.5	D4	4363.72
75.0	D4	4342.04
75.5	D4	4321.07
76.0	D4	4300.89
76.5	D4	4280.41
77.0	D4	4259.79
77.5	D4	4239.04
78.0	D4	4217.96
78.5	D4	4196.75
79.0	D4	4175.82
79.5	D4	4154.7
80.0	D4	4133.74
80.5	D4	4112.41
81.0	D4	4091.01
81.5	D4	4070.0
82.0	D4	4049.54
82.5	D4	4029.45
83.0	D4	4010.51
83.5	D4	3991.72
84.0	D4	3972.59
84.5	D4	3953.26
85.0	D4	3934.32
85.5	D4	3915.0
86.0	D4	3895.72
86.5	D4	3876.57
87.0	D4	3857.37
87.5	D4	3837.43
88.0	D4	3816.6
88.5	D4	3795.77
89.0	D4	3774.54
89.5	D4	3753.74
90.0	D4	3733.45
90.5	D4	3714.46
91.0	D4	3695.67
91.5	D4	3677.72
92.0	D4	3659.43
92.5	D4	3640.42
93.0	D4	3620.31
93.5	D4	3599.5
94.0	D4	3578.2
94.5	D4	3556.3
95.0	D4	3535.56
25.0	D5	3708.69
25.5	D5	3700.56
26.0	D5	3692.44
26.5	D5	3684.31
27.0	D5	3676.18
27.5	D5	3668.06
28.0	D5	3659.93
28.5	D5	3652.12
29.0	D5	3644.62
29.5	D5	3637.53
30.0	D5	3630.39
30.5	D5	3623.96
31.0	D5	3619.17
31.5	D5	3615.73
32.0	D5	3613.99
32.5	D5	3614.22
33.0	D5	3616.24
33.5	D5	3619.68
34.0	D5	3625.24
34.5	D5	3632.65
35.0	D5	3642.46
35.5	D5	3654.96
36.0	D5	3669.26
36.5	D5	3685.18
37.0	D5	3702.82
37.5	D5	3721.36
38.0	D5	3740.09
38.5	D5	3760.43
39.0	D5	3781.39
39.5	D5	3803.1
40.0	D5	3825.62
40.5	D5	3849.74
41.0	D5	3874.54
41.5	D5	3900.58
42.0	D5	3927.83
42.5	D5	3956.38
43.0	D5	3985.35
43.5	D5	4014.15
44.0	D5	4043.15
44.5	D5	4071.38
45.0	D5	4099.23
45.5	D5	4126.5
46.0	D5	4153.75
46.5	D5	4180.57
47.0	D5	4207.58
47.5	D5	4234.34
48.0	D5	4261.35
48.5	D5	4288.67
49.0	D5	4317.03
49.5	D5	4345.81
50.0	D5	4375.17
50.5	D5	4405.53
51.0	D5	4436.96
51.5	D5	4468.81
52.0	D5	4502.77
52.5	D5	4539.42
53.0	D5	4579.09
53.5	D5	4621.95
54.0	D5	4668.2
54.5	D5	4716.78
55.0	D5	4766.63
55.5	D5	4815.92
56.0	D5	4863.56
56.5	D5	4908.05
57.0	D5	4947.13
57.5	D5	4978.63
58.0	D5	5001.99
58.5	D5	5016.63
59.0	D5	5021.92
59.5	D5	5019.42
60.0	D5	5010.93
60.5	D5	4997.67
61.0	D5	4979.59
61.5	D5	4958.38
62.0	D5	4934.69
62.5	D5	4908.47
63.0	D5	4879.62
63.5	D5	4849.27
64.0	D5	4817.07
64.5	D5	4782.07
65.0	D5	4745.22
65.5	D5	4706.45
66.0	D5	4665.41
66.5	D5	4622.49
67.0	D5	4579.08
67.5	D5	4534.04
68.0	D5	4488.24
68.5	D5	4442.17
69.0	D5	4395.78
69.5	D5	4348.72
70.0	D5	4302.09
70.5	D5	4255.57
71.0	D5	4209.44
71.5	D5	4164.29
72.0	D5	4120.23
72.5	D5	4077.33
73.0	D5	4035.19
73.5	D5	3994.18
74.0	D5	3953.66
74.5	D5	3913.49
75.0	D5	3873.42
75.5	D5	3834.41
76.0	D5	3795.58
76.5	D5	3757.65
77.0	D5	3720.87
77.5	D5	3685.31
78.0	D5	3650.67
78.5	D5	3617.53
79.0	D5	3585.57
79.5	D5	3555.02
80.0	D5	3526.2
80.5	D5	3499.48
81.0	D5	3475.1
81.5	D5	3453.06
82.0	D5	3433.29
82.5	D5	3415.41
83.0	D5	3399.36
83.5	D5	3384.71
84.0	D5	3371.27
84.5	D5	3359.11
85.0	D5	3348.03
85.5	D5	3337.32
86.0	D5	3326.78
86.5	D5	3316.78
87.0	D5	3306.47
87.5	D5	3295.67
88.0	D5	3284.73
88.5	D5	3273.64
89.0	D5	3262.09
89.5	D5	3250.15
90.0	D5	3238.46
90.5	D5	3226.98
91.0	D5	3215.9
91.5	D5	3205.49
92.0	D5	3195.94
92.5	D5	3186.81
93.0	D5	3177.76
93.5	D5	3168.24
94.0	D5	3158.52
94.5	D5	3148.37
95.0	D5	3138.32
25.0	D6	3134.76
25.5	D6	3138.05
26.0	D6	3141.33
26.5	D6	3144.62
27.0	D6	3147.9
27.5	D6	3151.19
28.0	D6	3154.47
28.5	D6	3157.78
29.0	D6	3161.94
29.5	D6	3166.84
30.0	D6	3171.92
30.5	D6	3178.23
31.0	D6	3186.73
31.5	D6	3198.19
32.0	D6	3213.01
32.5	D6	3231.23
33.0	D6	3253.61
33.5	D6	3280.21
34.0	D6	3310.47
34.5	D6	3344.76
35.0	D6	3384.19
35.5	D6	3428.24
36.0	D6	3475.97
36.5	D6	3527.58
37.0	D6	3582.11
37.5	D6	3638.35
38.0	D6	3694.69
38.5	D6	3751.44
39.0	D6	3806.97
39.5	D6	3861.71
40.0	D6	3914.78
40.5	D6	3966.15
41.0	D6	4015.38
41.5	D6	4062.97
42.0	D6	4106.91
42.5	D6	4148.32
43.0	D6	4187.18
43.5	D6	4222.88
44.0	D6	4255.05
44.5	D6	4285.4
45.0	D6	4312.59
45.5	D6	4337.34
46.0	D6	4360.25
46.5	D6	4381.17
47.0	D6	4399.03
47.5	D6	4415.38
48.0	D6	4429.7
48.5	D6	4441.42
49.0	D6	4451.29
49.5	D6	4459.66
50.0	D6	4465.85
50.5	D6	4469.81
51.0	D6	4472.62
51.5	D6	4474.25
52.0	D6	4475.63
52.5	D6	4476.24
53.0	D6	4476.92
53.5	D6	4476.16
54.0	D6	4473.94
54.5	D6	4469.06
55.0	D6	4461.09
55.5	D6	4450.06
56.0	D6	4436.73
56.5	D6	4420.64
57.0	D6	4402.53
57.5	D6	4384.39
58.0	D6	4364.95
58.5	D6	4344.83
59.0	D6	4324.8
59.5	D6	4304.34
60.0	D6	4282.26
60.5	D6	4259.54
61.0	D6	4236.22
61.5	D6	4212.33
62.0	D6	4188.88
62.5	D6	4166.04
63.0	D6	4143.66
63.5	D6	4121.51
64.0	D6	4098.65
64.5	D6	4074.44
65.0	D6	4049.16
65.5	D6	4022.76
66.0	D6	3995.26
66.5	D6	3967.96
67.0	D6	3940.92
67.5	D6	3913.76
68.0	D6	3887.3
68.5	D6	3861.27
69.0	D6	3835.44
69.5	D6	3809.44
70.0	D6	3783.86
70.5	D6	3758.22
71.0	D6	3732.5
71.5	D6	3705.86
72.0	D6	3679.42
72.5	D6	3653.14
73.0	D6	3626.39
73.5	D6	3599.73
74.0	D6	3574.27
74.5	D6	3548.85
75.0	D6	3523.2
75.5	D6	3498.06
76.0	D6	3473.26
76.5	D6	3448.2
77.0	D6	3423.58
77.5	D6	3399.39
78.0	D6	3375.33
78.5	D6	3351.57
79.0	D6	3327.88
79.5	D6	3303.86
80.0	D6	3279.88
80.5	D6	3256.32
81.0	D6	3232.63
81.5	D6	3209.34
82.0	D6	3186.91
82.5	D6	3164.78
83.0	D6	3142.65
83.5	D6	3121.12
84.0	D6	3099.74
84.5	D6	3078.19
85.0	D6	3057.05
85.5	D6	3036.7
86.0	D6	3016.72
86.5	D6	2997.39
87.0	D6	2978.97
87.5	D6	2961.67
88.0	D6	2944.92
88.5	D6	2929.42
89.0	D6	2915.34
89.5	D6	2902.64
90.0	D6	2890.77
90.5	D6	2879.96
91.0	D6	2870.07
91.5	D6	2861.02
92.0	D6	2852.74
92.5	D6	2845.22
93.0	D6	2838.68
93.5	D6	2832.14
94.0	D6	2825.55
94.5	D6	2819.14
95.0	D6	2811.85
25.0	E1	3575.28
25.5	E1	3575.0
26.0	E1	3574.72
26.5	E1	3574.44
27.0	E1	3574.16
27.5	E1	3573.87
28.0	E1	3573.59
28.5	E1	3573.77
29.0	E1	3574.25
29.5	E1	3575.02
30.0	E1	3576.17
30.5	E1	3578.19
31.0	E1	3581.68
31.5	E1	3586.89
32.0	E1	3593.81
32.5	E1	3602.38
33.0	E1	3612.37
33.5	E1	3623.68
34.0	E1	3636.6
34.5	E1	3651.08
35.0	E1	3667.43
35.5	E1	3685.68
36.0	E1	3705.41
36.5	E1	3725.98
37.0	E1	3747.62
37.5	E1	3770.16
38.0	E1	3793.37
38.5	E1	3817.69
39.0	E1	3843.51
39.5	E1	3870.65
40.0	E1	3898.89
40.5	E1	3928.46
41.0	E1	3958.96
41.5	E1	3990.07
42.0	E1	4021.34
42.5	E1	4053.23
43.0	E1	4085.05
43.5	E1	4117.14
44.0	E1	4149.63
44.5	E1	4183.19
45.0	E1	4217.1
45.5	E1	4252.45
46.0	E1	4288.62
46.5	E1	4325.96
47.0	E1	4364.15
47.5	E1	4404.15
48.0	E1	4445.47
48.5	E1	4489.35
49.0	E1	4535.77
49.5	E1	4585.44
50.0	E1	4638.05
50.5	E1	4694.42
51.0	E1	4753.87
51.5	E1	4816.81
52.0	E1	4882.77
52.5	E1	4952.03
53.0	E1	5023.95
53.5	E1	5098.93
54.0	E1	5176.57
54.5	E1	5256.6
55.0	E1	5338.05
55.5	E1	5419.77
56.0	E1	5499.34
56.5	E1	5574.25
57.0	E1	5642.34
57.5	E1	5701.45
58.0	E1	5749.43
58.5	E1	5786.37
59.0	E1	5812.45
59.5	E1	5828.29
60.0	E1	5835.28
60.5	E1	5836.56
61.0	E1	5832.89
61.5	E1	5825.78
62.0	E1	5816.16
62.5	E1	5804.88
63.0	E1	5791.34
63.5	E1	5776.07
64.0	E1	5758.98
64.5	E1	5740.39
65.0	E1	5720.04
65.5	E1	5697.99
66.0	E1	5674.16
66.5	E1	5648.73
67.0	E1	5621.95
67.5	E1	5594.12
68.0	E1	5565.13
68.5	E1	5535.62
69.0	E1	5505.68
69.5	E1	5474.59
70.0	E1	5442.23
70.5	E1	5408.92
71.0	E1	5374.07
71.5	E1	5338.15
72.0	E1	5301.99
72.5	E1	5265.74
73.0	E1	5230.15
73.5	E1	5195.8
74.0	E1	5162.64
74.5	E1	5130.55
75.0	E1	5099.82
75.5	E1	5069.97
76.0	E1	5040.17
76.5	E1	5010.53
77.0	E1	4981.04
77.5	E1	4951.67
78.0	E1	4922.3
78.5	E1	4893.87
79.0	E1	4865.95
79.5	E1	4838.28
80.0	E1	4810.44
80.5	E1	4782.84
81.0	E1	4755.09
81.5	E1	4727.07
82.0	E1	4699.59
82.5	E1	4673.27
83.0	E1	4647.92
83.5	E1	4623.87
84.0	E1	4601.85
84.5	E1	4581.27
85.0	E1	4561.96
85.5	E1	4543.69
86.0	E1	4526.09
86.5	E1	4508.2
87.0	E1	4490.19
87.5	E1	4471.77
88.0	E1	4452.52
88.5	E1	4432.07
89.0	E1	4411.41
89.5	E1	4389.88
90.0	E1	4367.64
90.5	E1	4345.62
91.0	E1	4324.82
91.5	E1	4304.35
92.0	E1	4284.55
92.5	E1	4265.68
93.0	E1	4246.82
93.5	E1	4227.1
94.0	E1	4206.95
94.5	E1	4186.64
95.0	E1	4165.26
25.0	E2	3974.94
25.5	E2	3966.37
26.0	E2	3957.8
26.5	E2	3949.23
27.0	E2	3940.66
27.5	E2	3932.09
28.0	E2	3923.52
28.5	E2	3915.23
29.0	E2	3906.97
29.5	E2	3899.6
30.0	E2	3892.34
30.5	E2	3886.1
31.0	E2	3881.89
31.5	E2	3879.55
32.0	E2	3879.1
32.5	E2	3880.75
33.0	E2	3884.04
33.5	E2	3888.48
34.0	E2	3894.86
34.5	E2	3902.04
35.0	E2	3910.43
35.5	E2	3920.12
36.0	E2	3930.61
36.5	E2	3941.12
37.0	E2	3952.62
37.5	E2	3964.25
38.0	E2	3975.68
38.5	E2	3987.57
39.0	E2	4000.16
39.5	E2	4012.9
40.0	E2	4026.52
40.5	E2	4041.19
41.0	E2	4056.4
41.5	E2	4071.91
42.0	E2	4087.97
42.5	E2	4104.08
43.0	E2	4120.44
43.5	E2	4136.77
44.0	E2	4153.32
44.5	E2	4169.8
45.0	E2	4186.53
45.5	E2	4203.38
46.0	E2	4220.64
46.5	E2	4238.73
47.0	E2	4257.96
47.5	E2	4278.24
48.0	E2	4300.21
48.5	E2	4324.94
49.0	E2	4352.42
49.5	E2	4383.14
50.0	E2	4418.18
50.5	E2	4457.46
51.0	E2	4500.81
51.5	E2	4549.06
52.0	E2	4602.89
52.5	E2	4662.42
53.0	E2	4728.87
53.5	E2	4802.94
54.0	E2	4883.78
54.5	E2	4971.26
55.0	E2	5064.83
55.5	E2	5161.87
56.0	E2	5260.61
56.5	E2	5359.78
57.0	E2	5456.59
57.5	E2	5548.42
58.0	E2	5634.11
58.5	E2	5711.19
59.0	E2	5777.85
59.5	E2	5833.89
60.0	E2	5878.68
60.5	E2	5912.59
61.0	E2	5937.32
61.5	E2	5954.66
62.0	E2	5965.41
62.5	E2	5971.96
63.0	E2	5975.21
63.5	E2	5975.61
64.0	E2	5973.34
64.5	E2	5968.89
65.0	E2	5962.28
65.5	E2	5954.01
66.0	E2	5944.33
66.5	E2	5933.97
67.0	E2	5923.47
67.5	E2	5912.53
68.0	E2	5901.11
68.5	E2	5889.43
69.0	E2	5876.59
69.5	E2	5862.33
70.0	E2	5846.33
70.5	E2	5827.64
71.0	E2	5806.06
71.5	E2	5782.33
72.0	E2	5756.52
72.5	E2	5729.41
73.0	E2	5702.67
73.5	E2	5676.47
74.0	E2	5650.71
74.5	E2	5625.57
75.0	E2	5600.79
75.5	E2	5575.68
76.0	E2	5550.01
76.5	E2	5523.7
77.0	E2	5496.22
77.5	E2	5468.14
78.0	E2	5439.16
78.5	E2	5409.82
79.0	E2	5380.56
79.5	E2	5352.16
80.0	E2	5323.93
80.5	E2	5296.85
81.0	E2	5270.43
81.5	E2	5243.8
82.0	E2	5217.0
82.5	E2	5190.11
83.0	E2	5162.92
83.5	E2	5136.22
84.0	E2	5111.25
84.5	E2	5087.69
85.0	E2	5065.87
85.5	E2	5045.04
86.0	E2	5024.8
86.5	E2	5004.02
87.0	E2	4982.49
87.5	E2	4959.93
88.0	E2	4936.55
88.5	E2	4911.33
89.0	E2	4884.96
89.5	E2	4857.8
90.0	E2	4829.76
90.5	E2	4800.9
91.0	E2	4773.16
91.5	E2	4746.26
92.0	E2	4719.87
92.5	E2	4694.08
93.0	E2	4668.71
93.5	E2	4642.22
94.0	E2	4614.07
94.5	E2	4585.74
95.0	E2	4554.11
25.0	E3	3892.34
25.5	E3	3882.84
26.0	E3	3873.34
26.5	E3	3863.83
27.0	E3	3854.33
27.5	E3	3844.83
28.0	E3	3835.32
28.5	E3	3826.02
29.0	E3	3816.46
29.5	E3	3806.52
30.0	E3	3796.54
30.5	E3	3787.92
31.0	E3	3781.4
31.5	E3	3777.17
32.0	E3	3775.33
32.5	E3	3775.86
33.0	E3	3778.02
33.5	E3	3781.88
34.0	E3	3788.11
34.5	E3	3796.96
35.0	E3	3808.61
35.5	E3	3823.27
36.0	E3	3839.99
36.5	E3	3858.3
37.0	E3	3877.82
37.5	E3	3897.93
38.0	E3	3919.39
38.5	E3	3942.68
39.0	E3	3967.37
39.5	E3	3993.9
40.0	E3	4023.1
40.5	E3	4053.67
41.0	E3	4085.52
41.5	E3	4118.74
42.0	E3	4153.21
42.5	E3	4187.86
43.0	E3	4223.55
43.5	E3	4259.74
44.0	E3	4296.94
44.5	E3	4333.95
45.0	E3	4372.0
45.5	E3	4409.46
46.0	E3	4447.36
46.5	E3	4485.35
47.0	E3	4524.13
47.5	E3	4562.83
48.0	E3	4603.21
48.5	E3	4644.85
49.0	E3	4687.53
49.5	E3	4731.36
50.0	E3	4775.93
50.5	E3	4820.9
51.0	E3	4865.85
51.5	E3	4911.31
52.0	E3	4957.84
52.5	E3	5006.3
53.0	E3	5056.74
53.5	E3	5109.12
54.0	E3	5162.3
54.5	E3	5215.3
55.0	E3	5266.69
55.5	E3	5313.98
56.0	E3	5355.97
56.5	E3	5391.56
57.0	E3	5417.65
57.5	E3	5432.88
58.0	E3	5437.24
58.5	E3	5430.38
59.0	E3	5412.43
59.5	E3	5386.83
60.0	E3	5355.28
60.5	E3	5319.35
61.0	E3	5280.48
61.5	E3	5240.05
62.0	E3	5197.75
62.5	E3	5153.98
63.0	E3	5108.72
63.5	E3	5062.07
64.0	E3	5014.04
64.5	E3	4964.72
65.0	E3	4914.14
65.5	E3	4862.96
66.0	E3	4811.18
66.5	E3	4758.81
67.0	E3	4706.01
67.5	E3	4653.21
68.0	E3	4600.13
68.5	E3	4547.24
69.0	E3	4495.1
69.5	E3	4444.43
70.0	E3	4394.77
70.5	E3	4346.54
71.0	E3	4300.08
71.5	E3	4254.98
72.0	E3	4210.76
72.5	E3	4167.68
73.0	E3	4125.92
73.5	E3	4084.96
74.0	E3	4045.53
74.5	E3	4007.38
75.0	E3	3971.22
75.5	E3	3936.36
76.0	E3	3903.27
76.5	E3	3871.02
77.0	E3	3840.49
77.5	E3	3810.88
78.0	E3	3782.58
78.5	E3	3754.93
79.0	E3	3728.77
79.5	E3	3702.98
80.0	E3	3678.11
80.5	E3	3654.1
81.0	E3	3632.0
81.5	E3	3610.79
82.0	E3	3591.25
82.5	E3	3573.01
83.0	E3	3556.01
83.5	E3	3539.16
84.0	E3	3523.28
84.5	E3	3507.7
85.0	E3	3492.31
85.5	E3	3477.13
86.0	E3	3462.39
86.5	E3	3447.67
87.0	E3	3433.72
87.5	E3	3419.8
88.0	E3	3406.09
88.5	E3	3392.28
89.0	E3	3378.74
89.5	E3	3364.86
90.0	E3	3352.03
90.5	E3	3339.82
91.0	E3	3329.0
91.5	E3	3318.91
92.0	E3	3309.45
92.5	E3	3299.96
93.0	E3	3290.38
93.5	E3	3279.98
94.0	E3	3269.09
94.5	E3	3258.05
95.0	E3	3246.3
25.0	E4	3377.05
25.5	E4	3380.82
26.0	E4	3384.59
26.5	E4	3388.36
27.0	E4	3392.12
27.5	E4	3395.89
28.0	E4	3399.66
28.5	E4	3404.58
29.0	E4	3409.77
29.5	E4	3415.49
30.0	E4	3421.8
30.5	E4	3429.55
31.0	E4	3439.4
31.5	E4	3452.56
32.0	E4	3469.39
32.5	E4	3490.18
33.0	E4	3514.88
33.5	E4	3544.11
34.0	E4	3578.58
34.5	E4	3619.59
35.0	E4	3668.33
35.5	E4	3725.22
36.0	E4	3789.99
36.5	E4	3861.68
37.0	E4	3938.62
37.5	E4	4018.71
38.0	E4	4100.95
38.5	E4	4183.94
39.0	E4	4266.27
39.5	E4	4347.33
40.0	E4	4426.88
40.5	E4	4503.68
41.0	E4	4577.19
41.5	E4	4646.69
42.0	E4	4711.95
42.5	E4	4772.27
43.0	E4	4827.56
43.5	E4	4877.52
44.0	E4	4923.76
44.5	E4	4965.27
45.0	E4	5002.76
45.5	E4	5036.33
46.0	E4	5066.24
46.5	E4	5091.95
47.0	E4	5114.19
47.5	E4	5133.01
48.0	E4	5148.49
48.5	E4	5161.13
49.0	E4	5170.19
49.5	E4	5175.99
50.0	E4	5177.86
50.5	E4	5176.33
51.0	E4	5171.36
51.5	E4	5163.75
52.0	E4	5153.55
52.5	E4	5142.18
53.0	E4	5129.95
53.5	E4	5116.83
54.0	E4	5103.17
54.5	E4	5089.7
55.0	E4	5075.87
55.5	E4	5061.32
56.0	E4	5046.63
56.5	E4	5032.16
57.0	E4	5017.41
57.5	E4	5003.05
58.0	E4	4989.49
58.5	E4	4976.62
59.0	E4	4964.08
59.5	E4	4952.12
60.0	E4	4940.48
60.5	E4	4929.08
61.0	E4	4917.76
61.5	E4	4906.29
62.0	E4	4894.76
62.5	E4	4882.47
63.0	E4	4869.79
63.5	E4	4856.71
64.0	E4	4843.38
64.5	E4	4829.57
65.0	E4	4816.0
65.5	E4	4801.8
66.0	E4	4787.29
66.5	E4	4772.57
67.0	E4	4757.55
67.5	E4	4741.73
68.0	E4	4725.5
68.5	E4	4708.55
69.0	E4	4690.77
69.5	E4	4672.31
70.0	E4	4653.81
70.5	E4	4635.31
71.0	E4	4616.57
71.5	E4	4597.63
72.0	E4	4578.63
72.5	E4	4559.04
73.0	E4	4538.73
73.5	E4	4518.09
74.0	E4	4497.07
74.5	E4	4475.56
75.0	E4	4453.85
75.5	E4	4432.16
76.0	E4	4410.69
76.5	E4	4389.34
77.0	E4	4368.11
77.5	E4	4346.76
78.0	E4	4325.64
78.5	E4	4303.97
79.0	E4	4282.56
79.5	E4	4261.2
80.0	E4	4240.41
80.5	E4	4219.66
81.0	E4	4200.08
81.5	E4	4180.64
82.0	E4	4161.7
82.5	E4	4142.81
83.0	E4	4124.14
83.5	E4	4104.8
84.0	E4	4085.43
84.5	E4	4065.81
85.0	E4	4045.95
85.5	E4	4025.91
86.0	E4	4006.12
86.5	E4	3986.22
87.0	E4	3966.52
87.5	E4	3946.79
88.0	E4	3926.73
88.5	E4	3906.14
89.0	E4	3885.04
89.5	E4	3863.1
90.0	E4	3841.17
90.5	E4	3819.49
91.0	E4	3798.15
91.5	E4	3776.99
92.0	E4	3756.26
92.5	E4	3735.1
93.0	E4	3713.24
93.5	E4	3690.93
94.0	E4	3667.97
94.5	E4	3644.59
95.0	E4	3620.48
25.0	E5	3497.85
25.5	E5	3496.71
26.0	E5	3495.57
26.5	E5	3494.43
27.0	E5	3493.29
27.5	E5	3492.15
28.0	E5	3491.01
28.5	E5	3489.83
29.0	E5	3488.89
29.5	E5	3488.41
30.0	E5	3488.26
30.5	E5	3488.81
31.0	E5	3491.05
31.5	E5	3495.23
32.0	E5	3501.21
32.5	E5	3509.66
33.0	E5	3520.21
33.5	E5	3532.73
34.0	E5	3547.39
34.5	E5	3564.75
35.0	E5	3584.36
35.5	E5	3606.49
36.0	E5	3631.11
36.5	E5	3657.95
37.0	E5	3686.73
37.5	E5	3717.12
38.0	E5	3749.23
38.5	E5	3782.89
39.0	E5	3817.83
39.5	E5	3854.03
40.0	E5	3891.98
40.5	E5	3931.08
41.0	E5	3971.61
41.5	E5	4013.52
42.0	E5	4056.31
42.5	E5	4099.63
43.0	E5	4143.55
43.5	E5	4187.25
44.0	E5	4230.6
44.5	E5	4273.61
45.0	E5	4316.24
45.5	E5	4358.1
46.0	E5	4399.57
46.5	E5	4440.56
47.0	E5	4481.04
47.5	E5	4520.95
48.0	E5	4560.87
48.5	E5	4600.61
49.0	E5	4640.38
49.5	E5	4680.7
50.0	E5	4721.68
50.5	E5	4763.16
51.0	E5	4805.97
51.5	E5	4850.58
52.0	E5	4897.0
52.5	E5	4945.41
53.0	E5	4996.51
53.5	E5	5049.51
54.0	E5	5103.73
54.5	E5	5158.28
55.0	E5	5212.25
55.5	E5	5263.38
56.0	E5	5310.83
56.5	E5	5352.56
57.0	E5	5386.34
57.5	E5	5410.83
58.0	E5	5424.89
58.5	E5	5426.97
59.0	E5	5417.58
59.5	E5	5398.61
60.0	E5	5370.81
60.5	E5	5336.5
61.0	E5	5297.81
61.5	E5	5256.36
62.0	E5	5212.95
62.5	E5	5168.46
63.0	E5	5122.67
63.5	E5	5075.86
64.0	E5	5027.88
64.5	E5	4978.13
65.0	E5	4926.65
65.5	E5	4873.86
66.0	E5	4819.66
66.5	E5	4763.99
67.0	E5	4707.88
67.5	E5	4651.99
68.0	E5	4596.24
68.5	E5	4541.16
69.0	E5	4487.09
69.5	E5	4433.69
70.0	E5	4380.68
70.5	E5	4328.52
71.0	E5	4277.15
71.5	E5	4226.79
72.0	E5	4177.58
72.5	E5	4129.53
73.0	E5	4082.44
73.5	E5	4036.05
74.0	E5	3990.16
74.5	E5	3945.1
75.0	E5	3900.92
75.5	E5	3857.63
76.0	E5	3815.77
76.5	E5	3775.1
77.0	E5	3735.66
77.5	E5	3697.62
78.0	E5	3661.01
78.5	E5	3625.46
79.0	E5	3591.77
79.5	E5	3559.6
80.0	E5	3529.08
80.5	E5	3500.69
81.0	E5	3475.15
81.5	E5	3452.13
82.0	E5	3432.09
82.5	E5	3414.87
83.0	E5	3400.14
83.5	E5	3387.13
84.0	E5	3375.57
84.5	E5	3364.87
85.0	E5	3355.14
85.5	E5	3345.64
86.0	E5	3336.65
86.5	E5	3328.04
87.0	E5	3319.69
87.5	E5	3310.78
88.0	E5	3302.05
88.5	E5	3292.99
89.0	E5	3283.47
89.5	E5	3273.78
90.0	E5	3264.58
90.5	E5	3255.51
91.0	E5	3246.64
91.5	E5	3238.24
92.0	E5	3230.05
92.5	E5	3221.5
93.0	E5	3212.2
93.5	E5	3202.37
94.0	E5	3191.31
94.5	E5	3179.75
95.0	E5	3166.64
25.0	E6	3144.91
25.5	E6	3149.22
26.0	E6	3153.52
26.5	E6	3157.83
27.0	E6	3162.13
27.5	E6	3166.44
28.0	E6	3170.74
28.5	E6	3175.67
29.0	E6	3181.3
29.5	E6	3187.61
30.0	E6	3195.03
30.5	E6	3204.08
31.0	E6	3216.18
31.5	E6	3231.68
32.0	E6	3251.0
32.5	E6	3274.34
33.0	E6	3301.64
33.5	E6	3332.86
34.0	E6	3368.77
34.5	E6	3410.5
35.0	E6	3458.32
35.5	E6	3512.88
36.0	E6	3573.8
36.5	E6	3640.31
37.0	E6	3710.62
37.5	E6	3783.49
38.0	E6	3857.35
38.5	E6	3931.24
39.0	E6	4003.59
39.5	E6	4073.74
40.0	E6	4141.01
40.5	E6	4205.08
41.0	E6	4265.29
41.5	E6	4321.7
42.0	E6	4373.93
42.5	E6	4421.88
43.0	E6	4465.24
43.5	E6	4503.99
44.0	E6	4538.42
44.5	E6	4568.77
45.0	E6	4595.83
45.5	E6	4619.69
46.0	E6	4640.55
46.5	E6	4658.76
47.0	E6	4674.67
47.5	E6	4687.66
48.0	E6	4698.4
48.5	E6	4707.59
49.0	E6	4714.92
49.5	E6	4720.54
50.0	E6	4724.97
50.5	E6	4728.18
51.0	E6	4730.07
51.5	E6	4730.87
52.0	E6	4730.42
52.5	E6	4728.88
53.0	E6	4725.71
53.5	E6	4720.18
54.0	E6	4712.15
54.5	E6	4701.83
55.0	E6	4688.62
55.5	E6	4672.66
56.0	E6	4654.67
56.5	E6	4634.59
57.0	E6	4612.24
57.5	E6	4587.97
58.0	E6	4562.29
58.5	E6	4535.33
59.0	E6	4507.35
59.5	E6	4479.02
60.0	E6	4450.71
60.5	E6	4422.28
61.0	E6	4393.76
61.5	E6	4365.67
62.0	E6	4337.21
62.5	E6	4308.33
63.0	E6	4279.23
63.5	E6	4249.79
64.0	E6	4219.8
64.5	E6	4190.12
65.0	E6	4160.45
65.5	E6	4130.72
66.0	E6	4101.25
66.5	E6	4071.87
67.0	E6	4042.39
67.5	E6	4013.42
68.0	E6	3985.08
68.5	E6	3957.09
69.0	E6	3929.58
69.5	E6	3902.07
70.0	E6	3874.54
70.5	E6	3846.84
71.0	E6	3819.08
71.5	E6	3791.28
72.0	E6	3763.83
72.5	E6	3736.51
73.0	E6	3708.98
73.5	E6	3681.5
74.0	E6	3654.0
74.5	E6	3626.74
75.0	E6	3599.29
75.5	E6	3572.26
76.0	E6	3545.42
76.5	E6	3518.98
77.0	E6	3492.17
77.5	E6	3465.72
78.0	E6	3439.65
78.5	E6	3413.58
79.0	E6	3387.34
79.5	E6	3361.62
80.0	E6	3335.72
80.5	E6	3309.4
81.0	E6	3283.01
81.5	E6	3256.35
82.0	E6	3229.36
82.5	E6	3202.43
83.0	E6	3175.71
83.5	E6	3149.19
84.0	E6	3123.26
84.5	E6	3097.62
85.0	E6	3072.42
85.5	E6	3047.63
86.0	E6	3023.67
86.5	E6	3000.46
87.0	E6	2978.47
87.5	E6	2957.57
88.0	E6	2937.93
88.5	E6	2919.1
89.0	E6	2901.54
89.5	E6	2885.13
90.0	E6	2870.25
90.5	E6	2856.89
91.0	E6	2845.47
91.5	E6	2835.42
92.0	E6	2826.75
92.5	E6	2819.15
93.0	E6	2812.35
93.5	E6	2806.02
94.0	E6	2800.01
94.5	E6	2794.19
95.0	E6	2788.19
25.0	F1	3809.8
25.5	F1	3807.7
26.0	F1	3805.6
26.5	F1	3803.49
27.0	F1	3801.39
27.5	F1	3799.29
28.0	F1	3797.19
28.5	F1	3795.34
29.0	F1	3793.8
29.5	F1	3792.21
30.0	F1	3791.12
30.5	F1	3791.26
31.0	F1	3793.8
31.5	F1	3799.11
32.0	F1	3807.87
32.5	F1	3819.62
33.0	F1	3833.96
33.5	F1	3850.73
34.0	F1	3870.22
34.5	F1	3891.52
35.0	F1	3914.87
35.5	F1	3941.09
36.0	F1	3968.78
36.5	F1	3997.9
37.0	F1	4029.09
37.5	F1	4062.08
38.0	F1	4096.28
38.5	F1	4132.45
39.0	F1	4170.46
39.5	F1	4210.14
40.0	F1	4251.52
40.5	F1	4294.32
41.0	F1	4339.03
41.5	F1	4384.97
42.0	F1	4431.67
42.5	F1	4479.04
43.0	F1	4527.48
43.5	F1	4575.58
44.0	F1	4623.8
44.5	F1	4672.35
45.0	F1	4721.13
45.5	F1	4769.59
46.0	F1	4818.25
46.5	F1	4866.58
47.0	F1	4914.73
47.5	F1	4962.8
48.0	F1	5011.19
48.5	F1	5060.5
49.0	F1	5111.35
49.5	F1	5164.47
50.0	F1	5219.89
50.5	F1	5277.83
51.0	F1	5338.47
51.5	F1	5402.74
52.0	F1	5470.34
52.5	F1	5541.94
53.0	F1	5618.51
53.5	F1	5700.22
54.0	F1	5785.08
54.5	F1	5872.79
55.0	F1	5962.01
55.5	F1	6049.21
56.0	F1	6131.4
56.5	F1	6206.75
57.0	F1	6272.6
57.5	F1	6326.05
58.0	F1	6367.04
58.5	F1	6394.69
59.0	F1	6410.29
59.5	F1	6414.28
60.0	F1	6409.51
60.5	F1	6397.14
61.0	F1	6380.77
61.5	F1	6361.32
62.0	F1	6340.66
62.5	F1	6319.99
63.0	F1	6300.57
63.5	F1	6281.29
64.0	F1	6262.52
64.5	F1	6244.34
65.0	F1	6224.92
65.5	F1	6204.57
66.0	F1	6183.28
66.5	F1	6161.31
67.0	F1	6138.48
67.5	F1	6116.13
68.0	F1	6092.52
68.5	F1	6069.43
69.0	F1	6045.64
69.5	F1	6021.74
70.0	F1	5997.37
70.5	F1	5973.87
71.0	F1	5949.63
71.5	F1	5925.22
72.0	F1	5899.57
72.5	F1	5873.21
73.0	F1	5845.69
73.5	F1	5817.0
74.0	F1	5787.37
74.5	F1	5757.47
75.0	F1	5726.38
75.5	F1	5694.16
76.0	F1	5661.22
76.5	F1	5628.01
77.0	F1	5594.72
77.5	F1	5562.13
78.0	F1	5530.63
78.5	F1	5500.46
79.0	F1	5471.34
79.5	F1	5442.5
80.0	F1	5413.59
80.5	F1	5384.28
81.0	F1	5354.43
81.5	F1	5324.12
82.0	F1	5294.02
82.5	F1	5264.4
83.0	F1	5235.35
83.5	F1	5206.29
84.0	F1	5176.84
84.5	F1	5146.69
85.0	F1	5115.41
85.5	F1	5083.62
86.0	F1	5052.19
86.5	F1	5021.14
87.0	F1	4990.82
87.5	F1	4960.19
88.0	F1	4928.74
88.5	F1	4895.47
89.0	F1	4861.33
89.5	F1	4826.96
90.0	F1	4795.17
90.5	F1	4767.07
91.0	F1	4744.22
91.5	F1	4726.34
92.0	F1	4712.64
92.5	F1	4702.48
93.0	F1	4694.05
93.5	F1	4686.45
94.0	F1	4678.82
94.5	F1	4671.55
95.0	F1	4662.91
25.0	F2	4085.9
25.5	F2	4075.63
26.0	F2	4065.35
26.5	F2	4055.07
27.0	F2	4044.8
27.5	F2	4034.52
28.0	F2	4024.24
28.5	F2	4014.11
29.0	F2	4004.35
29.5	F2	3995.12
30.0	F2	3986.39
30.5	F2	3979.2
31.0	F2	3974.4
31.5	F2	3971.55
32.0	F2	3970.84
32.5	F2	3972.14
33.0	F2	3975.14
33.5	F2	3979.38
34.0	F2	3985.17
34.5	F2	3992.24
35.0	F2	4000.98
35.5	F2	4010.97
36.0	F2	4021.97
36.5	F2	4033.61
37.0	F2	4045.73
37.5	F2	4058.4
38.0	F2	4071.13
38.5	F2	4083.86
39.0	F2	4097.14
39.5	F2	4111.18
40.0	F2	4125.47
40.5	F2	4140.23
41.0	F2	4156.14
41.5	F2	4172.32
42.0	F2	4189.09
42.5	F2	4206.18
43.0	F2	4224.23
43.5	F2	4242.63
44.0	F2	4261.45
44.5	F2	4279.87
45.0	F2	4298.75
45.5	F2	4317.33
46.0	F2	4336.05
46.5	F2	4355.82
47.0	F2	4377.15
47.5	F2	4399.98
48.0	F2	4425.27
48.5	F2	4453.08
49.0	F2	4483.6
49.5	F2	4517.67
50.0	F2	4555.03
50.5	F2	4596.24
51.0	F2	4641.9
51.5	F2	4692.51
52.0	F2	4748.49
52.5	F2	4811.48
53.0	F2	4882.55
53.5	F2	4962.02
54.0	F2	5049.5
54.5	F2	5144.84
55.0	F2	5246.5
55.5	F2	5352.34
56.0	F2	5460.93
56.5	F2	5571.23
57.0	F2	5679.59
57.5	F2	5784.46
58.0	F2	5883.14
58.5	F2	5972.67
59.0	F2	6049.94
59.5	F2	6115.63
60.0	F2	6168.2
60.5	F2	6208.41
61.0	F2	6237.52
61.5	F2	6258.74
62.0	F2	6272.43
62.5	F2	6280.5
63.0	F2	6283.85
63.5	F2	6284.59
64.0	F2	6281.55
64.5	F2	6276.0
65.0	F2	6269.52
65.5	F2	6262.51
66.0	F2	6253.41
66.5	F2	6244.03
67.0	F2	6233.75
67.5	F2	6221.3
68.0	F2	6207.07
68.5	F2	6192.12
69.0	F2	6174.89
69.5	F2	6156.42
70.0	F2	6136.25
70.5	F2	6114.49
71.0	F2	6090.87
71.5	F2	6066.75
72.0	F2	6041.23
72.5	F2	6015.64
73.0	F2	5989.26
73.5	F2	5962.2
74.0	F2	5934.1
74.5	F2	5905.06
75.0	F2	5874.47
75.5	F2	5842.97
76.0	F2	5811.52
76.5	F2	5779.28
77.0	F2	5746.79
77.5	F2	5714.71
78.0	F2	5683.67
78.5	F2	5652.21
79.0	F2	5621.35
79.5	F2	5590.86
80.0	F2	5560.26
80.5	F2	5528.23
81.0	F2	5496.32
81.5	F2	5464.11
82.0	F2	5431.34
82.5	F2	5397.99
83.0	F2	5364.96
83.5	F2	5330.32
84.0	F2	5294.8
84.5	F2	5259.18
85.0	F2	5223.36
85.5	F2	5187.06
86.0	F2	5151.98
86.5	F2	5117.15
87.0	F2	5082.61
87.5	F2	5048.66
88.0	F2	5015.76
88.5	F2	4984.12
89.0	F2	4954.28
89.5	F2	4925.2
90.0	F2	4897.68
90.5	F2	4870.85
91.0	F2	4844.34
91.5	F2	4818.18
92.0	F2	4793.73
92.5	F2	4770.54
93.0	F2	4749.37
93.5	F2	4730.08
94.0	F2	4711.72
94.5	F2	4694.31
95.0	F2	4675.8
25.0	F3	3416.31
25.5	F3	3414.04
26.0	F3	3411.78
26.5	F3	3409.52
27.0	F3	3407.25
27.5	F3	3404.99
28.0	F3	3402.73
28.5	F3	3400.67
29.0	F3	3399.09
29.5	F3	3397.18
30.0	F3	3395.1
30.5	F3	3393.45
31.0	F3	3392.78
31.5	F3	3393.3
32.0	F3	3395.64
32.5	F3	3399.77
33.0	F3	3405.44
33.5	F3	3412.55
34.0	F3	3421.14
34.5	F3	3431.14
35.0	F3	3442.83
35.5	F3	3455.87
36.0	F3	3470.36
36.5	F3	3486.44
37.0	F3	3503.63
37.5	F3	3522.04
38.0	F3	3541.72
38.5	F3	3562.8
39.0	F3	3584.78
39.5	F3	3608.31
40.0	F3	3633.16
40.5	F3	3659.63
41.0	F3	3687.52
41.5	F3	3717.21
42.0	F3	3748.09
42.5	F3	3780.25
43.0	F3	3813.55
43.5	F3	3847.59
44.0	F3	3882.38
44.5	F3	3918.34
45.0	F3	3955.13
45.5	F3	3992.96
46.0	F3	4032.33
46.5	F3	4073.0
47.0	F3	4115.2
47.5	F3	4159.11
48.0	F3	4204.91
48.5	F3	4252.76
49.0	F3	4303.3
49.5	F3	4356.42
50.0	F3	4412.26
50.5	F3	4470.48
51.0	F3	4530.93
51.5	F3	4592.14
52.0	F3	4654.08
52.5	F3	4716.35
53.0	F3	4778.53
53.5	F3	4839.28
54.0	F3	4899.18
54.5	F3	4956.43
55.0	F3	5009.78
55.5	F3	5057.08
56.0	F3	5098.0
56.5	F3	5130.33
57.0	F3	5152.26
57.5	F3	5162.93
58.0	F3	5163.26
58.5	F3	5152.37
59.0	F3	5131.22
59.5	F3	5102.67
60.0	F3	5068.6
60.5	F3	5029.58
61.0	F3	4988.04
61.5	F3	4944.88
62.0	F3	4900.57
62.5	F3	4854.53
63.0	F3	4807.89
63.5	F3	4759.86
64.0	F3	4711.18
64.5	F3	4661.32
65.0	F3	4611.17
65.5	F3	4560.17
66.0	F3	4509.11
66.5	F3	4457.69
67.0	F3	4406.39
67.5	F3	4355.68
68.0	F3	4306.08
68.5	F3	4257.38
69.0	F3	4210.22
69.5	F3	4164.43
70.0	F3	4119.62
70.5	F3	4076.09
71.0	F3	4033.85
71.5	F3	3992.3
72.0	F3	3952.31
72.5	F3	3914.25
73.0	F3	3877.25
73.5	F3	3841.91
74.0	F3	3808.46
74.5	F3	3776.22
75.0	F3	3744.94
75.5	F3	3715.57
76.0	F3	3687.55
76.5	F3	3660.79
77.0	F3	3635.32
77.5	F3	3610.9
78.0	F3	3586.81
78.5	F3	3563.08
79.0	F3	3540.02
79.5	F3	3517.57
80.0	F3	3495.99
80.5	F3	3475.71
81.0	F3	3456.8
81.5	F3	3439.09
82.0	F3	3423.08
82.5	F3	3409.06
83.0	F3	3396.63
83.5	F3	3385.86
84.0	F3	3376.34
84.5	F3	3367.36
85.0	F3	3358.42
85.5	F3	3349.46
86.0	F3	3340.13
86.5	F3	3331.01
87.0	F3	3322.2
87.5	F3	3313.51
88.0	F3	3305.23
88.5	F3	3297.5
89.0	F3	3289.67
89.5	F3	3281.76
90.0	F3	3274.32
90.5	F3	3267.46
91.0	F3	3260.8
91.5	F3	3254.65
92.0	F3	3248.83
92.5	F3	3242.72
93.0	F3	3235.57
93.5	F3	3228.0
94.0	F3	3219.12
94.5	F3	3209.83
95.0	F3	3198.87
25.0	F4	3435.13
25.5	F4	3437.68
26.0	F4	3440.23
26.5	F4	3442.78
27.0	F4	3445.33
27.5	F4	3447.88
28.0	F4	3450.43
28.5	F4	3453.67
29.0	F4	3457.38
29.5	F4	3461.63
30.0	F4	3466.63
30.5	F4	3473.12
31.0	F4	3481.88
31.5	F4	3493.16
32.0	F4	3507.86
32.5	F4	3525.38
33.0	F4	3546.73
33.5	F4	3572.18
34.0	F4	3602.37
34.5	F4	3638.04
35.0	F4	3681.06
35.5	F4	3731.03
36.0	F4	3787.57
36.5	F4	3850.5
37.0	F4	3918.37
37.5	F4	3988.82
38.0	F4	4061.24
38.5	F4	4134.82
39.0	F4	4207.49
39.5	F4	4279.63
40.0	F4	4351.75
40.5	F4	4423.03
41.0	F4	4492.6
41.5	F4	4561.28
42.0	F4	4627.88
42.5	F4	4690.6
43.0	F4	4749.51
43.5	F4	4804.32
44.0	F4	4854.86
44.5	F4	4900.61
45.0	F4	4942.94
45.5	F4	4980.48
46.0	F4	5013.87
46.5	F4	5043.29
47.0	F4	5068.77
47.5	F4	5089.95
48.0	F4	5108.21
48.5	F4	5123.86
49.0	F4	5135.61
49.5	F4	5143.46
50.0	F4	5147.54
50.5	F4	5147.49
51.0	F4	5142.71
51.5	F4	5134.85
52.0	F4	5124.67
52.5	F4	5112.15
53.0	F4	5098.72
53.5	F4	5084.29
54.0	F4	5069.23
54.5	F4	5053.88
55.0	F4	5038.72
55.5	F4	5022.65
56.0	F4	5007.25
56.5	F4	4991.71
57.0	F4	4976.18
57.5	F4	4960.68
58.0	F4	4945.59
58.5	F4	4930.28
59.0	F4	4915.73
59.5	F4	4901.33
60.0	F4	4887.54
60.5	F4	4874.1
61.0	F4	4860.95
61.5	F4	4847.73
62.0	F4	4834.94
62.5	F4	4821.72
63.0	F4	4808.48
63.5	F4	4794.61
64.0	F4	4780.15
64.5	F4	4764.4
65.0	F4	4747.51
65.5	F4	4730.25
66.0	F4	4713.08
66.5	F4	4695.03
67.0	F4	4677.33
67.5	F4	4661.07
68.0	F4	4644.54
68.5	F4	4628.16
69.0	F4	4612.59
69.5	F4	4596.62
70.0	F4	4579.45
70.5	F4	4561.73
71.0	F4	4543.04
71.5	F4	4523.62
72.0	F4	4504.66
72.5	F4	4485.58
73.0	F4	4467.05
73.5	F4	4448.38
74.0	F4	4429.73
74.5	F4	4409.94
75.0	F4	4389.87
75.5	F4	4368.71
76.0	F4	4347.85
76.5	F4	4326.99
77.0	F4	4307.22
77.5	F4	4288.2
78.0	F4	4270.16
78.5	F4	4251.99
79.0	F4	4233.57
79.5	F4	4214.45
80.0	F4	4194.63
80.5	F4	4175.35
81.0	F4	4157.02
81.5	F4	4139.7
82.0	F4	4122.97
82.5	F4	4107.14
83.0	F4	4090.45
83.5	F4	4073.66
84.0	F4	4056.32
84.5	F4	4039.24
85.0	F4	4021.89
85.5	F4	4005.26
86.0	F4	3988.13
86.5	F4	3971.53
87.0	F4	3954.74
87.5	F4	3938.28
88.0	F4	3920.88
88.5	F4	3903.69
89.0	F4	3886.12
89.5	F4	3868.21
90.0	F4	3849.88
90.5	F4	3832.57
91.0	F4	3815.11
91.5	F4	3797.7
92.0	F4	3780.54
92.5	F4	3763.2
93.0	F4	3744.73
93.5	F4	3725.62
94.0	F4	3705.29
94.5	F4	3684.4
95.0	F4	3661.66
25.0	F5	3584.11
25.5	F5	3578.73
26.0	F5	3573.36
26.5	F5	3567.99
27.0	F5	3562.61
27.5	F5	3557.24
28.0	F5	3551.87
28.5	F5	3546.52
29.0	F5	3541.53
29.5	F5	3536.6
30.0	F5	3531.49
30.5	F5	3527.1
31.0	F5	3523.76
31.5	F5	3521.65
32.0	F5	3521.09
32.5	F5	3525.29
33.0	F5	3533.76
33.5	F5	3546.62
34.0	F5	3564.4
34.5	F5	3587.07
35.0	F5	3609.16
35.5	F5	3630.88
36.0	F5	3652.15
36.5	F5	3671.86
37.0	F5	3690.09
37.5	F5	3709.58
38.0	F5	3730.51
38.5	F5	3752.71
39.0	F5	3776.87
39.5	F5	3802.89
40.0	F5	3830.57
40.5	F5	3859.71
41.0	F5	3890.46
41.5	F5	3922.43
42.0	F5	3955.82
42.5	F5	3990.08
43.0	F5	4025.06
43.5	F5	4060.0
44.0	F5	4095.21
44.5	F5	4129.6
45.0	F5	4164.0
45.5	F5	4197.75
46.0	F5	4231.13
46.5	F5	4264.14
47.0	F5	4297.42
47.5	F5	4330.39
48.0	F5	4363.81
48.5	F5	4398.07
49.0	F5	4432.56
49.5	F5	4467.34
50.0	F5	4502.73
50.5	F5	4538.7
51.0	F5	4574.91
51.5	F5	4612.16
52.0	F5	4651.41
52.5	F5	4693.2
53.0	F5	4737.85
53.5	F5	4785.82
54.0	F5	4836.48
54.5	F5	4888.37
55.0	F5	4940.45
55.5	F5	4991.69
56.0	F5	5040.26
56.5	F5	5084.25
57.0	F5	5121.48
57.5	F5	5149.55
58.0	F5	5165.45
58.5	F5	5169.13
59.0	F5	5161.65
59.5	F5	5144.68
60.0	F5	5120.3
60.5	F5	5091.54
61.0	F5	5059.33
61.5	F5	5024.43
62.0	F5	4987.6
62.5	F5	4949.2
63.0	F5	4909.86
63.5	F5	4869.17
64.0	F5	4827.64
64.5	F5	4785.08
65.0	F5	4741.31
65.5	F5	4696.06
66.0	F5	4650.87
66.5	F5	4604.65
67.0	F5	4558.24
67.5	F5	4511.99
68.0	F5	4465.92
68.5	F5	4419.46
69.0	F5	4373.68
69.5	F5	4328.34
70.0	F5	4284.15
70.5	F5	4240.92
71.0	F5	4199.34
71.5	F5	4158.93
72.0	F5	4119.02
72.5	F5	4079.74
73.0	F5	4041.57
73.5	F5	4003.22
74.0	F5	3965.42
74.5	F5	3929.11
75.0	F5	3893.11
75.5	F5	3857.79
76.0	F5	3823.99
76.5	F5	3791.09
77.0	F5	3758.72
77.5	F5	3727.38
78.0	F5	3696.61
78.5	F5	3666.13
79.0	F5	3636.28
79.5	F5	3607.32
80.0	F5	3579.69
80.5	F5	3553.56
81.0	F5	3529.43
81.5	F5	3507.93
82.0	F5	3488.76
82.5	F5	3471.78
83.0	F5	3456.91
83.5	F5	3444.01
84.0	F5	3431.88
84.5	F5	3420.52
85.0	F5	3409.79
85.5	F5	3399.15
86.0	F5	3388.32
86.5	F5	3377.59
87.0	F5	3366.74
87.5	F5	3355.27
88.0	F5	3343.63
88.5	F5	3331.47
89.0	F5	3318.84
89.5	F5	3306.08
90.0	F5	3293.37
90.5	F5	3280.82
91.0	F5	3268.99
91.5	F5	3257.43
92.0	F5	3246.13
92.5	F5	3235.3
93.0	F5	3224.41
93.5	F5	3213.45
94.0	F5	3202.93
94.5	F5	3192.25
95.0	F5	3182.43
25.0	F6	3030.31
25.5	F6	3032.9
26.0	F6	3035.5
26.5	F6	3038.09
27.0	F6	3040.68
27.5	F6	3043.28
28.0	F6	3045.87
28.5	F6	3048.94
29.0	F6	3051.89
29.5	F6	3055.44
30.0	F6	3060.05
30.5	F6	3066.3
31.0	F6	3074.55
31.5	F6	3085.79
32.0	F6	3099.74
32.5	F6	3116.66
33.0	F6	3136.28
33.5	F6	3159.48
34.0	F6	3186.74
34.5	F6	3219.23
35.0	F6	3256.71
35.5	F6	3300.14
36.0	F6	3348.98
36.5	F6	3402.9
37.0	F6	3460.37
37.5	F6	3521.04
38.0	F6	3583.52
38.5	F6	3647.22
39.0	F6	3710.45
39.5	F6	3772.98
40.0	F6	3834.23
40.5	F6	3894.23
41.0	F6	3952.25
41.5	F6	4008.3
42.0	F6	4061.64
42.5	F6	4112.28
43.0	F6	4158.85
43.5	F6	4201.49
44.0	F6	4241.06
44.5	F6	4277.57
45.0	F6	4310.98
45.5	F6	4341.81
46.0	F6	4370.22
46.5	F6	4395.18
47.0	F6	4417.16
47.5	F6	4435.61
48.0	F6	4451.63
48.5	F6	4465.14
49.0	F6	4476.6
49.5	F6	4486.03
50.0	F6	4494.1
50.5	F6	4499.88
51.0	F6	4503.43
51.5	F6	4505.28
52.0	F6	4505.75
52.5	F6	4504.73
53.0	F6	4502.57
53.5	F6	4498.67
54.0	F6	4492.37
54.5	F6	4483.32
55.0	F6	4471.11
55.5	F6	4455.47
56.0	F6	4436.93
56.5	F6	4415.87
57.0	F6	4392.11
57.5	F6	4366.12
58.0	F6	4338.56
58.5	F6	4310.16
59.0	F6	4280.71
59.5	F6	4250.98
60.0	F6	4221.57
60.5	F6	4192.04
61.0	F6	4161.88
61.5	F6	4131.69
62.0	F6	4101.09
62.5	F6	4069.73
63.0	F6	4037.75
63.5	F6	4005.55
64.0	F6	3973.17
64.5	F6	3940.69
65.0	F6	3908.2
65.5	F6	3876.57
66.0	F6	3844.99
66.5	F6	3813.59
67.0	F6	3782.82
67.5	F6	3752.81
68.0	F6	3722.89
68.5	F6	3694.04
69.0	F6	3665.64
69.5	F6	3637.7
70.0	F6	3609.89
70.5	F6	3582.2
71.0	F6	3554.66
71.5	F6	3527.89
72.0	F6	3500.88
72.5	F6	3474.45
73.0	F6	3448.4
73.5	F6	3421.98
74.0	F6	3395.21
74.5	F6	3369.11
75.0	F6	3342.97
75.5	F6	3317.22
76.0	F6	3292.34
76.5	F6	3268.11
77.0	F6	3244.54
77.5	F6	3221.49
78.0	F6	3199.18
78.5	F6	3177.64
79.0	F6	3156.61
79.5	F6	3135.67
80.0	F6	3115.16
80.5	F6	3094.33
81.0	F6	3073.52
81.5	F6	3053.16
82.0	F6	3033.28
82.5	F6	3013.68
83.0	F6	2994.79
83.5	F6	2975.95
84.0	F6	2956.79
84.5	F6	2937.88
85.0	F6	2919.37
85.5	F6	2901.43
86.0	F6	2884.37
86.5	F6	2868.3
87.0	F6	2852.84
87.5	F6	2838.26
88.0	F6	2824.21
88.5	F6	2810.92
89.0	F6	2798.53
89.5	F6	2786.85
90.0	F6	2776.01
90.5	F6	2766.41
91.0	F6	2757.81
91.5	F6	2750.27
92.0	F6	2743.75
92.5	F6	2737.68
93.0	F6	2731.88
93.5	F6	2725.92
94.0	F6	2720.46
94.5	F6	2714.76
95.0	F6	2710.63
